GeneID	Symbol	EnsemblID	HGNCID	MIM Number	UniprotAC	UniprotID	type_of_gene
74	ACTG1P2		147				pseudo
266	AMELY	ENSG00000099721	462	410000	Q99218	AMELY	protein-coding
451	ASS1P6	ENSG00000215583	769				pseudo
560	AZF1						unknown
938	CD24P4		1649				pseudo
1617	DAZ1	ENSG00000188120	2682	400003	Q9NQZ3	DAZ1	protein-coding
2656	GCY						unknown
3734	ANOS2P		6214				pseudo
5044	PABY		8567				other
5616	PRKY	ENSG00000099725	9444	400008			pseudo
5940	RBMY1A1	ENSG00000234414	9912	400006			protein-coding
5942	RBMY1C		9914				protein-coding
5944	RBMY1HP	ENSG00000169811	9916				pseudo
5945	RBMY2AP		9917				pseudo
6192	RPS4Y1	ENSG00000129824	10425	470000	P22090	RS4Y1	protein-coding
6736	SRY	ENSG00000184895	11311	480000	Q05066	SRY	protein-coding
6803	STSP1	ENSG00000227166	11426				pseudo
7258	TSPY1	ENSG00000258992	12381	480100	A4FUW6	A4FUW6	protein-coding
7404	UTY	ENSG00000183878	12638	400009	O14607	UTY	protein-coding
7500	XGY1		12807				pseudo
7544	ZFY	ENSG00000067646	12870	490000	P08048	ZFY	protein-coding
8284	KDM5D	ENSG00000012817	11115	426000	Q9BY66	KDM5D	protein-coding
8287	USP9Y	ENSG00000114374	12633	400005	O00507	USP9Y	protein-coding
8653	DDX3Y	ENSG00000067048	2699	400010	O15523	DDX3Y	protein-coding
9081	PRY	ENSG00000169789	14024	400019			protein-coding
9082	XKRY	ENSG00000290724	18571	400015	O14609	XKRY	pseudo
9083	BPY2	ENSG00000183753	13508	400013			protein-coding
9084	VCY	ENSG00000129864	12668	400012			protein-coding
9085	CDY1	ENSG00000172288	1809	400016			protein-coding
9086	EIF1AY	ENSG00000198692	3252	400014	O14602	IF1AY	protein-coding
9087	TMSB4Y	ENSG00000154620	11882	400017	O14604	TYB4Y	protein-coding
9426	CDY2A	ENSG00000182415	1810	400018			protein-coding
10029	CASKP1	ENSG00000234059	1498				pseudo
10031	SHROOM2P1		631				pseudo
10033	ARSLP1		720				pseudo
10034	ARSDP1		718				pseudo
10751	OFD1P18Y		2589				pseudo
22829	NLGN4Y	ENSG00000165246	15529	400028	Q8NFZ3	NLGNY	protein-coding
23756	RPS24P1		10412				pseudo
23757	ARSFP1	ENSG00000232226	722				pseudo
23758	SFPQP1		10775				pseudo
27192	TRAPPC2P6		10715				pseudo
27193	TRAPPC2P5		10714				pseudo
27194	TRAPPC2P4		10713				pseudo
27195	TRAPPC2P3		10712				pseudo
50858	TTTY1	ENSG00000129845	14022				ncRNA
51581	ERVH-6		39058				other
57054	DAZ3	ENSG00000187191	15965	400027	Q9NR90	DAZ3	protein-coding
57055	DAZ2	ENSG00000205944	15964	400026	Q13117	DAZ2	protein-coding
57135	DAZ4	ENSG00000205916	15966	400048	Q86SG3	DAZ4	protein-coding
60439	TTTY2		14023				ncRNA
64591	TSPY2	ENSG00000168757	23924		A6NKD2	TSPY2	protein-coding
64593	RBMY3AP		23286				pseudo
64595	TTTY15	ENSG00000114374	18567				ncRNA
64596	PSMA6P1		17460				pseudo
79051	RPY						unknown
83259	PCDH11Y	ENSG00000099715	15813	400022	Q9BZA8	PC11Y	protein-coding
83863	TTTY5	ENSG00000215560	16482	400038			ncRNA
83864	TTTY9A	ENSG00000290716	18490				ncRNA
83866	TTTY11	ENSG00000290381	18492				ncRNA
83867	TTTY12	ENSG00000237048	18493				ncRNA
83868	TTTY13	ENSG00000184991	18494				ncRNA
83869	TTTY14	ENSG00000176728	18495				ncRNA
84559	GOLGA2P2Y	ENSG00000291016	16479	400035			pseudo
84664	CSPG4P2Y	ENSG00000244231	32424				pseudo
84672	TTTY6	ENSG00000131538	16483	400039			ncRNA
84673	TTTY8	ENSG00000183385	18489				ncRNA
86614	HSFY1	ENSG00000172468	18568	400029			protein-coding
90655	TGIF2LY	ENSG00000176679	18569	400025	Q8IUE0	TF2LY	protein-coding
90665	TBL1Y	ENSG00000092377	18502	400033	Q9BQ87	TBL1Y	protein-coding
114758	CSPG4P1Y	ENSG00000240450	16478	400034			pseudo
114760	TTTY3	ENSG00000231141	16480	400036			ncRNA
114761	TTTY4	ENSG00000226906	16481	400037			ncRNA
140004	TUBB1P2		23981				pseudo
140028	GAPDHP19		23947				pseudo
140032	RPS4Y2	ENSG00000280969	18501	400030	Q8TD47	RS4Y2	protein-coding
140043	CDY10P		23848				pseudo
140100	RBMY2KP	ENSG00000225809	23888				pseudo
140101	RBMY2MP	ENSG00000173357	23889				pseudo
140123	RBMY2CP		23260				pseudo
159119	HSFY2	ENSG00000169953	23950				protein-coding
159125	RBMY2EP		23890				pseudo
159162	RBMY2FP	ENSG00000290336	23891				pseudo
159163	RBMY1F	ENSG00000169800	23974				protein-coding
203611	CDY2B	ENSG00000129873	23921				protein-coding
246119	TTTY10	ENSG00000229236	18491				ncRNA
246122	TTTY7	ENSG00000147753	18488				ncRNA
246123	ZNF736P3Y		37728				pseudo
246126	TXLNGY	ENSG00000291033	18473	400031			pseudo
252946	FAM197Y2	ENSG00000290332	18848				ncRNA
252948	TTTY16		18840				ncRNA
252949	TTTY17A	ENSG00000228240	18841	400040			ncRNA
252950	TTTY18		18842				ncRNA
252951	TTTY20	ENSG00000232808	18844				ncRNA
252952	TTTY19	ENSG00000232419	18843				ncRNA
252953	TTTY21	ENSG00000228890	18845				ncRNA
252954	TTTY22	ENSG00000224075	18846				ncRNA
252955	TTTY23	ENSG00000239225	18847				ncRNA
253175	CDY1B	ENSG00000172352	23920				protein-coding
286544	MXRA5Y	ENSG00000235649	23932				pseudo
286550	CYCSP46		23941				pseudo
286554	BCORP1	ENSG00000291031	23953				pseudo
286555	TBL1YP1	ENSG00000225624	23979				pseudo
286556	CDY3P		23849				pseudo
286557	RBMY1A3P		18849				pseudo
286568	RPL41P6		37655				pseudo
286570	RPL41P7		37656				pseudo
286573	TPTE2P4		38077				pseudo
327658	PUDPP1		20200				pseudo
340618	FAM41AY1		23955				ncRNA
347584	TSPY11P	ENSG00000238235	23903				pseudo
347587	MRPL57P10		23965				pseudo
347598	RBMY2DP		23259				pseudo
347613	PARP4P1	ENSG00000237917	18500				pseudo
349448	TUBB1P1		23982				pseudo
352887	GYG2P1	ENSG00000291034	4701				pseudo
352896	GPR143P	ENSG00000232583	18499				pseudo
352905	CTBP2P1		23940				pseudo
353513	VCY1B	ENSG00000129862	31751	400050			protein-coding
353515	XKRYP7	ENSG00000290725	23922				pseudo
359724	RNA18SP2		37658				pseudo
359791	MED14P1	ENSG00000233774	2371				pseudo
359792	EIF4A1P2	ENSG00000235001	23946				pseudo
359793	AGKP1	ENSG00000226555	37661				pseudo
359794	TUSC2P1	ENSG00000285470	23963				pseudo
359795	NEFLP1		37662				pseudo
359796	KDM5DP1		23976				pseudo
359798	UBE2V1P3		23983				pseudo
359799	USP12PY		23195				pseudo
359800	VDAC1P6		37481				pseudo
359996	SERBP1P2	ENSG00000225878	23967				pseudo
359997	ATP5PFP1		23933				pseudo
359998	CHRFAM7AP2		23937				pseudo
359999	CHRFAM7AP1		37766				pseudo
360002	TAF9P1		31743				pseudo
360003	TAF9P2		31744				pseudo
360008	GAPDHP17		37765				pseudo
360009	CYCSP49		23943				pseudo
360014	DLGAP5P1	ENSG00000237195	23945				pseudo
360015	RFTN1P1	ENSG00000234795	23971				pseudo
360016	CICP2		23935				pseudo
360017	CICP1		23936				pseudo
360018	PRRC2CP1		23949				pseudo
360019	KRT18P10	ENSG00000214207	23962				pseudo
360020	PPP1R12BP2	ENSG00000205936	23970				pseudo
360021	PPP1R12BP1	ENSG00000229238	18498				pseudo
360022	PSIP1P2		23968				pseudo
360024	GOLGA6L11P		23958				pseudo
360025	GOLGA6L12P		23959				pseudo
360026	GOLGA6L13P		23960				pseudo
360027	GOLGA6L14P		23961				pseudo
360028	TMEM167AP1		23956				pseudo
360029	FAM199YP		23951				pseudo
360188	CYCSP48		23942				pseudo
375850	RBMY2BP		9918				pseudo
377997	TSPY12P	ENSG00000236435	23904				pseudo
378001	TSPY13P	ENSG00000187657	23905				pseudo
378008	CDY5P		23850				pseudo
378009	OFD1P1Y	ENSG00000226011	23873				pseudo
378010	OFD1P2Y	ENSG00000226611	23874				pseudo
378011	CDY9P		23851				pseudo
378013	TSPY14P	ENSG00000169849	23906				pseudo
378014	CDY11P		23852				pseudo
378948	RBMY1B	ENSG00000242875	23914		A6NDE4	RBY1B	protein-coding
378949	RBMY1D	ENSG00000244395	23915		P0C7P1	RBY1D	protein-coding
378950	RBMY1E	ENSG00000242389	23916		A6NEQ0	RBY1E	protein-coding
378951	RBMY1J	ENSG00000226941	23917		J3KQ82	J3KQ82	protein-coding
378952	RBMY2GP	ENSG00000223744	23892				pseudo
378953	RBMY2HP		23893				pseudo
378955	RBMY2JP	ENSG00000227204	23918				pseudo
378956	RBMY2NP		23919				pseudo
379005	RBMY2OP	ENSG00000234950	23894				pseudo
379006	RBMY2QP	ENSG00000236718	23895				pseudo
379007	RBMY2SP	ENSG00000226918	23896				pseudo
379008	RBMY2TP	ENSG00000237269	23897				pseudo
379009	RBMY2UP		23898				pseudo
379010	RBMY2VP		23899				pseudo
379011	RBMY2WP	ENSG00000230727	23900				pseudo
379012	RBMY2XP	ENSG00000234399	23901				pseudo
379024	RBMY2YP	ENSG00000227633	23902				pseudo
379027	TSPY5P		23907				pseudo
379028	XKRYP1		23908				pseudo
379029	XKRYP2		23909				pseudo
379030	XKRYP3		23910				pseudo
379031	XKRYP4		23911				pseudo
379032	XKRYP5		23912				pseudo
379033	XKRYP6		23913				pseudo
386608	RNASEH2CP1		24117				pseudo
386687	OFD1P3Y		23875				pseudo
386688	OFD1P4Y	ENSG00000229406	23876				pseudo
386689	OFD1P5Y	ENSG00000240438	23877				pseudo
386690	OFD1P6Y	ENSG00000242153	13657				pseudo
386691	OFD1P7Y	ENSG00000238088	23879				pseudo
386692	OFD1P8Y	ENSG00000231159	23880				pseudo
386693	OFD1P9Y	ENSG00000230476	23881				pseudo
386694	OFD1P10Y	ENSG00000225466	23882				pseudo
386695	OFD1P11Y	ENSG00000237302	23883				pseudo
386696	OFD1P12Y		23884				pseudo
386697	OFD1P13Y	ENSG00000225287	23885				pseudo
386698	OFD1P14Y		23886				pseudo
386699	OFD1P15Y		23887				pseudo
386725	FAM8A7P		23868				pseudo
386726	FAM8A4P		16375				pseudo
386727	FAM8A9P		23870				pseudo
386728	FAM8A10P		23871				pseudo
386729	CDY4P		23872				pseudo
386730	CDY6P		23853				pseudo
386731	CDY7P	ENSG00000237558	23854				pseudo
386732	CDY8P		23855				pseudo
386734	CDY12P	ENSG00000228850	23856				pseudo
386735	CDY13P	ENSG00000224873	23857				pseudo
386736	CDY14P	ENSG00000226873	23858				pseudo
386737	CDY15P		23859				pseudo
386738	CDY16P		23860				pseudo
386739	CDY17P		23861				pseudo
386740	CDY18P		23862				pseudo
386741	CDY19P		23863				pseudo
386742	CDY20P		23864				pseudo
386743	CDY21P		23865				pseudo
386744	CDY22P		23866				pseudo
386745	CDY23P	ENSG00000231716	23867				pseudo
387359	USP9YP4		37740				pseudo
387361	USP9YP34	ENSG00000233378	38778				pseudo
387362	USP9YP1	ENSG00000250951	31741				pseudo
387363	USP9YP2	ENSG00000249501	31742				pseudo
387364	USP9YP3	ENSG00000237023	37739				pseudo
392597	TRAPPC2P7		10716				pseudo
392603	ZNF736P2Y		37727				pseudo
401629	FAM224B		37737				ncRNA
401630	FAM224A		37736				ncRNA
401634	GOLGA2P3Y		32426				pseudo
414751	TRAPPC2P8		37731				pseudo
414752	TRAPPC2P10		37732				pseudo
414753	TRAPPC2P9		37733				pseudo
414754	ACTG1P11		37651				pseudo
425057	TTTY9B	ENSG00000131007	32425				ncRNA
439957	IGKV1ORY-1	ENSG00000271375	37729				pseudo
441533	RPL26P37	ENSG00000235175	36004				pseudo
441543	TTTY6B	ENSG00000131548	31887				ncRNA
442479	HSFY3P	ENSG00000227289	37119				pseudo
442485	OFD1P16Y		18213				pseudo
442486	ZNF736P1Y		37726				pseudo
442862	PRY2	ENSG00000169807	21504	400041			protein-coding
442863	PRYP1	ENSG00000224166	34018				pseudo
442864	PRYP2	ENSG00000231311	34019				pseudo
442865	PRYP3	ENSG00000169763	34020				pseudo
442866	PRYP4	ENSG00000172283	34021				pseudo
442867	BPY2B	ENSG00000183795	25449				protein-coding
442868	BPY2C	ENSG00000185894	18225				protein-coding
474148	TTTY3B	ENSG00000280961	31888				ncRNA
474149	TTTY4B	ENSG00000235412	31891				ncRNA
474150	TTTY4C	ENSG00000228296	31892				ncRNA
474151	TTTY17B	ENSG00000227439	31889				ncRNA
474152	TTTY17C		31890				ncRNA
619469	DELYQ11						unknown
642631	TSPY15P		37474				pseudo
642796	TSPY18P	ENSG00000231874	37725				pseudo
643001	DUX4L17	ENSG00000259154	37717				pseudo
643034	DUX4L19	ENSG00000258991	37718				pseudo
643050	ACTR3BP1		37724				pseudo
643199	TAB3P1	ENSG00000235462	37723				pseudo
643470	SURF6P1		37722				pseudo
643987	HSFY4P		37721				pseudo
646231	AGPAT5P1	ENSG00000234652	37709				pseudo
650983	RCC2P1	ENSG00000234385	37710				pseudo
653174	TSPY6P	ENSG00000270073	34039				pseudo
653288	TSPY7P	ENSG00000188656	34040				pseudo
724074	DFNY1						unknown
727768	TEKT4P1		37711				pseudo
727969	TSPY16P	ENSG00000226223	37712				pseudo
728132	TSPY9	ENSG00000238074	37472				protein-coding
728137	TSPY3	ENSG00000228927	33876				protein-coding
728157	ANKRD20A6P		37714				pseudo
728169	DUX4L16	ENSG00000258567	37719				pseudo
728395	TSPY4	ENSG00000233803	37287		P0CV99	TSPY4	protein-coding
728403	TSPY8	ENSG00000229549	37471		P0CW00	TSPY8	protein-coding
100101115	TTTY21B		37980				ncRNA
100101116	TTTY1B	ENSG00000129816	37981				ncRNA
100101117	TTTY2B		37982				ncRNA
100101118	TTTY8B	ENSG00000185700	37622				ncRNA
100101120	TTTY7B	ENSG00000147761	37463				ncRNA
100101121	TTTY23B	ENSG00000290369	37983				ncRNA
100128190	SLC9B1P1	ENSG00000183704	37492				pseudo
100128894	NAP1L1P2		38005				pseudo
100130277	CDC27P2	ENSG00000237447	38092				pseudo
100130848	TSPY20P		38093				pseudo
100131374	PABPC1P5		37985				pseudo
100131984	SOWAHCP1		37984				pseudo
100132124	TSPY17P	ENSG00000232620	37713				pseudo
100132420	ANKRD36P1		37759				pseudo
100132421	DUX4L18	ENSG00000259029	37716				pseudo
100132504	TSPY19P	ENSG00000234583	37998				pseudo
100132596	XGY2	ENSG00000290840	34022				pseudo
100132932	FAM197Y9	ENSG00000290448	37477				ncRNA
100133012	CHEK2P1		37999				pseudo
100188776	HEY						unknown
100189448	NMTRQ-TTG8-1		35018				pseudo
100216505	DNM1P24		35171				pseudo
100216506	DNM1P25		35172				pseudo
100216507	DNM1P26		35173				pseudo
100216514	DNM1P27		35174				pseudo
100286964	TSPY23P	ENSG00000229159	38594				pseudo
100286996	TSPY22P		38522				pseudo
100287026	TTTY25P		38524				pseudo
100287055	TSPY21P		38101				pseudo
100287167	TTTY29P		38547				pseudo
100287200	RAB9AP1	ENSG00000232910	38104				pseudo
100287234	RAB9AP5	ENSG00000231423	38109				pseudo
100287261	CSPG4P3Y		38111				pseudo
100287296	LINC00265-2P		38523				pseudo
100287470	LINC00265-3P		38536				pseudo
100287502	CSPG4P4Y		38535				pseudo
100287542	RAB9AP2	ENSG00000223856	38106				pseudo
100287577	RAB9AP3	ENSG00000223655	38107				pseudo
100287606	TTTY28P		38534				pseudo
100287735	TTTY13B		38596				ncRNA
100287769	RBMY1GP		9915				pseudo
100287785	LINC00266-2P	ENSG00000248792					pseudo
100287818	TTTY26P		38528				pseudo
100287844	TTTY30P		38604				pseudo
100287845	GOLGA6L16P		38117				pseudo
100287874	TTTY27P		38527				pseudo
100287905	TTTY31P		38711				pseudo
100287941	TTTY24P		38521				pseudo
100287979	TTTY13C		38613				protein-coding
100288025	DYZ1L2						other
100288053	DYZ1L3						other
100288085	DYZ1L5						other
100288124	DYZ1L8						other
100288157	DYZ1L9						other
100288188	DYZ1L10						other
100288220	DYZ1L11						other
100288259	DYZ1L12						other
100288293	DYZ1L13						other
100288329	DYZ1L14						other
100288363	DYZ1L15						other
100288397	RAB9AP4		38108				pseudo
100288402	DYZ1L17						other
100288435	DYZ1L18						other
100288465	FAM197Y10		37627				ncRNA
100288468	DYZ1L21						other
100288493	ELOCP5		38140				pseudo
100288499	DYZ1L22						other
100288526	DYZ1L24						other
100288561	DYZ1L25						other
100288595	DYZ1L26						other
100288610	LINC00268-2P		37771				pseudo
100289087	TSPY10	ENSG00000236424	37473				protein-coding
100289150	FAM197Y5	ENSG00000290330	37467				ncRNA
100289188	FAM197Y4	ENSG00000290373	37466				ncRNA
100289265	FAM197Y1		37464				ncRNA
100302526	FAM41AY2		37135				ncRNA
100379236	LOC100379236						pseudo
100418708	CLUHP1		38416				pseudo
100418709	CLUHP2		38453				pseudo
100418739	DNM1P48		38801				pseudo
100418999	SNX18P1Y		38442				pseudo
100419554	ZNF92P1Y	ENSG00000215603	39553				pseudo
100419722	RNF19BPY		38398				pseudo
100419724	ZNF736P8Y		38406				pseudo
100419725	ZNF736P7Y		38404				pseudo
100419726	ZNF736P9Y		38408				pseudo
100419727	ZNF736P10Y	ENSG00000216824	38410				pseudo
100419728	ZNF886P		38420				pseudo
100419729	ZNF884P		38421				pseudo
100419730	ZNF736P11Y		38426				pseudo
100419731	ZNF736P12Y		38431				pseudo
100419732	ZNF736P6Y	ENSG00000224634	38440				pseudo
100419733	ZNF839P1	ENSG00000217896	38455				pseudo
100419734	ZNF885P		38456				pseudo
100419735	ZNF736P4Y		38464				pseudo
100419952	LOC100419952						pseudo
100420362	TRIM60P1Y	ENSG00000278854	38403				pseudo
100420363	TRIM60P2Y	ENSG00000273863	38405				pseudo
100420364	TRIM60P3Y	ENSG00000227830	38409				pseudo
100420367	TRIM60P4Y	ENSG00000276829	38425				pseudo
100420368	TRIM60P5Y	ENSG00000224210	38430				pseudo
100420369	TRIM60P6Y	ENSG00000278602	38432				pseudo
100420370	TRIM60P7Y	ENSG00000278197	38433				pseudo
100420373	TRIM60P8Y	ENSG00000232764	38458				pseudo
100420374	TRIM60P9Y	ENSG00000227251	38459				pseudo
100420376	TRIM60P10Y	ENSG00000232976	38462				pseudo
100420377	TRIM60P11Y	ENSG00000227837	38463				pseudo
100420378	TRIM60P12Y	ENSG00000274899	38465				pseudo
100420811	CDRT15P10		38413				pseudo
100421075	RCC2P2	ENSG00000237997	38419				pseudo
100421137	DPPA2P1	ENSG00000223915	38448				pseudo
100421217	USP9YP5	ENSG00000249634	38418				pseudo
100421219	USP9YP8		38424				pseudo
100421220	USP9YP9		38435				pseudo
100421222	USP9YP10	ENSG00000238135	38454				pseudo
100421224	USP9YP11		38460				pseudo
100421487	CCNQP2		38436				pseudo
100421716	UBE2Q2P4Y	ENSG00000225491	38429				pseudo
100421717	UBE2Q2P5Y	ENSG00000223636	38466				pseudo
100422624	SLC25A15P1		18497				pseudo
100422625	GOT2P5	ENSG00000233634	38439				pseudo
100462820	USP9YP6		38078				pseudo
100462821	USP9YP7		38079				pseudo
100462832	PNPLA4P1		38085				pseudo
100462867	ELOCP6	ENSG00000225740	38142				pseudo
100462868	ELOCP7	ENSG00000230377	38143				pseudo
100462869	ELOCP8	ENSG00000234131	38144				pseudo
100462870	ELOCP9		38145				pseudo
100462871	ELOCP10	ENSG00000234081	38146				pseudo
100462872	ELOCP11	ENSG00000227867	38147				pseudo
100462873	ELOCP4	ENSG00000232924	38141				pseudo
100462874	ELOCP12	ENSG00000230412	38148				pseudo
100462875	ELOCP13	ENSG00000225716	38149				pseudo
100462876	ELOCP14		38150				pseudo
100462877	ELOCP15	ENSG00000232029	38151				pseudo
100462878	ELOCP16	ENSG00000227915	38152				pseudo
100462879	ELOCP17	ENSG00000232695	38153				pseudo
100499397	DYZ1L1						other
100499398	DYZ1L4						other
100499409	DYZ1L6						other
100499411	DYZ1L7						other
100499412	DYZ1L16						other
100499416	TOMM22P1	ENSG00000237427	38736				pseudo
100499417	TOMM22P2	ENSG00000232195	38737				pseudo
100499418	MTCYBP1	ENSG00000234179	38729				pseudo
100499437	DYZ1L19						other
100499438	DYZ1L20						other
100499442	DYZ1L23						other
100499443	DYZ1L27						other
100499457	MTND2P3	ENSG00000234850	38727				pseudo
100499468	MTND1P1	ENSG00000226529	38728				pseudo
100499469	MTND6P1	ENSG00000223955	38730				pseudo
100499481	MED13P1	ENSG00000236131	38733				pseudo
100500797	USP9YP19		38755				pseudo
100500798	USP9YP23	ENSG00000223555	38759				pseudo
100533178	PRORY		38732		Q9H606	PRORY	ncRNA
100533723	LOC100533723	ENSG00000218410					pseudo
100652931	LOC100652931						pseudo
100861434	USP9YP13		38721				pseudo
100861435	SRIP3	ENSG00000224953	38735				pseudo
100873168	MTCYBP2	ENSG00000217179	38807				pseudo
100873336	RNA5-8SP6	ENSG00000251705	41960				pseudo
100873569	RNA5SP518	ENSG00000251766	43418				pseudo
100873570	RNA5SP519	ENSG00000252289	43419				pseudo
100873885	SNX3P1Y	ENSG00000278585	41517				pseudo
100873962	LINC00278	ENSG00000231535	38712				ncRNA
100873963	LINC00279		38724				ncRNA
100873964	LINC00280	ENSG00000229643	38803				ncRNA
100874056	NLGN4Y-AS1	ENSG00000228787	38793				ncRNA
100874287	TSPY24P	ENSG00000215601	38725				pseudo
100874288	TSPY25P	ENSG00000234110	38726				pseudo
100874382	USP9YP12		38720				pseudo
100874383	USP9YP22		38758				pseudo
100874384	USP9YP30		38766				pseudo
100874491	EEF1A1P41		38799				pseudo
100874497	RBMY1KP	ENSG00000229234	38750				pseudo
100874520	PCMTD1P1		38804				pseudo
100885797	BPY2DP		38794				pseudo
100887073	DUX4L31	ENSG00000231411	51770				pseudo
101059905	ELOCP36		54973				pseudo
101059962	LOC101059962						pseudo
101929148	LOC101929148	ENSG00000235059					ncRNA
102723934	LOC102723934						protein-coding
102725532	LOC102725532	ENSG00000236951					ncRNA
105369226	LOC105369226						ncRNA
105373102	LOC105373102						protein-coding
105377217	LOC105377217						ncRNA
105377218	LOC105377218						ncRNA
105377219	LOC105377219						ncRNA
105377220	LOC105377220						ncRNA
105377223	LOC105377223	ENSG00000291031					ncRNA
105377224	LOC105377224	ENSG00000288049					ncRNA
105377225	LOC105377225	ENSG00000289707					ncRNA
105377227	LOC105377227						ncRNA
105377229	LOC105377229						ncRNA
105377231	LOC105377231						ncRNA
105377232	LOC105377232						ncRNA
105377234	LOC105377234						ncRNA
105377235	LOC105377235						ncRNA
105377236	LOC105377236						ncRNA
105377237	LOC105377237						ncRNA
105377238	LOC105377238						ncRNA
105377239	LOC105377239						ncRNA
105377240	REREP1Y		38795				pseudo
105377241	LOC105377241						ncRNA
105377242	LOC105377242						ncRNA
105377243	REREP2Y		38796				pseudo
105377244	LOC105377244						ncRNA
105379264	LOC105379264						ncRNA
105379265	LOC105379265						ncRNA
105379266	LOC105379266						ncRNA
105379267	LOC105379267						ncRNA
105379268	FAM197Y8	ENSG00000225560	37470				ncRNA
105379269	FAM197Y7	ENSG00000228383	37469				ncRNA
105379270	FAM197Y6	ENSG00000237802	37468				ncRNA
105379273	LOC105379273						ncRNA
106128902	LOC106128902						biological-region
106144556	LOC106144556						biological-region
106144557	LOC106144557						biological-region
106144558	LOC106144558						biological-region
106144609	LOC106144609						biological-region
106144610	LOC106144610						biological-region
106478927	USP9YP16	ENSG00000232744	38752				pseudo
106478928	USP9YP24	ENSG00000230814	38760				pseudo
106478929	USP9YP26	ENSG00000234744	38762				pseudo
106478930	USP9YP31	ENSG00000229250	38775				pseudo
106478931	USP9YP33	ENSG00000232064	38777				pseudo
106478932	USP9YP36	ENSG00000229709	38780				pseudo
106478933	PRYP5		38785				pseudo
106478934	HSFY5P	ENSG00000232475	38789				pseudo
106478935	HSFY7P	ENSG00000228571	38791				pseudo
106479018	RNA5SP521	ENSG00000252012	43421				pseudo
106479019	RNA5SP522		43422				pseudo
106479520	RN7SL818P	ENSG00000274234	46834				pseudo
106479648	RNU6-184P	ENSG00000252323	47147				pseudo
106479702	RNU6-303P	ENSG00000252900	47266				pseudo
106480148	RNU6-1334P	ENSG00000251841	48297				pseudo
106480158	RNU1-40P	ENSG00000252625	48382				pseudo
106480182	RNU1-97P	ENSG00000252681	48439				pseudo
106480186	RNU1-107P	ENSG00000252426	48449				pseudo
106480191	RNU1-128P	ENSG00000252513	48470				pseudo
106480222	RNU2-57P	ENSG00000252468	48550				pseudo
106480250	ELOCP35	ENSG00000271595	49176				pseudo
106480355	USP9YP21	ENSG00000227635	38757				pseudo
106480424	USP9YP18	ENSG00000223407	38754				pseudo
106480425	USP9YP29	ENSG00000232424	38765				pseudo
106480426	GPM6BP2		38781				pseudo
106480666	RNU1-86P	ENSG00000251917	48428				pseudo
106480711	ZNF736P5Y		38597				pseudo
106480713	USP9YP15	ENSG00000233120	38751				pseudo
106480714	USP9YP17	ENSG00000229553	38753				pseudo
106480715	USP9YP25	ENSG00000224866	38761				pseudo
106480716	USP9YP27	ENSG00000235521	38763				pseudo
106480717	USP9YP20	ENSG00000230854	38767				pseudo
106480718	USP9YP32	ENSG00000237616	38776				pseudo
106480719	USP9YP35	ENSG00000237467	38779				pseudo
106480720	GPM6BP1		38782				pseudo
106480721	PRYP6		38786				pseudo
106480722	HSFY6P		38790				pseudo
106480723	HSFY8P	ENSG00000233156	38792				pseudo
106480744	MTND1P12	ENSG00000225433	42061				pseudo
106480771	RNA5SP520	ENSG00000252315	43420				pseudo
106480772	RNA5SP523		43423				pseudo
106480919	RN7SKP282	ENSG00000252633	46006				pseudo
106481114	RN7SL702P	ENSG00000243980	46718				pseudo
106481120	RN7SL725P	ENSG00000278242	46741				pseudo
106481211	RNU6-109P	ENSG00000252173	47072				pseudo
106481258	RNU6-255P	ENSG00000252766	47218				pseudo
106481595	RNU6-1314P	ENSG00000252948	48277				pseudo
106481621	RNU1-95P	ENSG00000252166	48437				pseudo
106481671	ELOCP34	ENSG00000270535	49175				pseudo
106481900	RNU6-521P	ENSG00000252472	47484				pseudo
107063612	RNU6-941P	ENSG00000252155	47904				pseudo
107080622	USP9YP28	ENSG00000224151	38764				pseudo
107080628	RNU1-48P	ENSG00000252209	48390				pseudo
107105262	RNU1-41P		48383				pseudo
107105273	MTCO1P37		52102				pseudo
107126286	SEPTIN14P22		51708				pseudo
107126290	SEPTIN14P23	ENSG00000228786	51709				pseudo
107133502	USP9YP14	ENSG00000227494	38748				pseudo
107436007	MTCO3P37		52140				pseudo
107987335	LOC107987335						pseudo
107987337	ZFY-AS1	ENSG00000233070	38798				ncRNA
107987338	LOC107987338						ncRNA
107987339	LOC107987339						ncRNA
107987340	LOC107987340						ncRNA
107987341	FAM197Y3	ENSG00000290607	37465				ncRNA
107987342	LOC107987342						ncRNA
107987343	LOC107987343						ncRNA
107987346	LOC107987346						ncRNA
107987347	LOC107987347						ncRNA
107987348	LOC107987348						ncRNA
107987349	LOC107987349						ncRNA
107987350	LOC107987350						ncRNA
107987352	LOC107987352						ncRNA
107987353	LOC107987353						ncRNA
107987354	LOC107987354						ncRNA
107987355	LOC107987355						ncRNA
107987356	LOC107987356						ncRNA
107987357	LOC107987357						ncRNA
108004538	LOC108004538						biological-region
108178989	LOC108178989						biological-region
108863624	LOC108863624						biological-region
108868752	LOC108868752						biological-region
108868753	LOC108868753						biological-region
112268311	LOC112268311						ncRNA
112268312	LOC112268312						ncRNA
113218498	MIR9985		53998				ncRNA
113219468	MIR12120		54028				ncRNA
118097967	ELOCP26		38731				pseudo
124900506	LOC124900506	ENSG00000251925					snoRNA
124900507	LOC124900507	ENSG00000251796					snoRNA
124900508	LOC124900508	ENSG00000252689					snoRNA
124905300	LOC124905300						protein-coding
124905301	LOC124905301						pseudo
124905302	LOC124905302						ncRNA
124905303	LOC124905303						ncRNA
124905304	LOC124905304						ncRNA
124905305	LOC124905305						ncRNA
124905306	LOC124905306						ncRNA
124905307	LOC124905307	ENSG00000251970					snRNA
124905308	LOC124905308						pseudo
124905309	LOC124905309						pseudo
124905612	LOC124905612						protein-coding
124905613	LOC124905613						protein-coding
124905614	LOC124905614						protein-coding
124905615	LOC124905615						protein-coding
124905616	LOC124905616						protein-coding
124905617	LOC124905617						protein-coding
124905618	LOC124905618						protein-coding
124905619	LOC124905619						protein-coding
124905620	LOC124905620						protein-coding
124905621	LOC124905621						protein-coding
124905622	LOC124905622						pseudo
124905623	LOC124905623						protein-coding
124905624	LOC124905624						protein-coding
124905625	LOC124905625						protein-coding
124905626	LOC124905626						protein-coding
124905627	LOC124905627						protein-coding
124905628	LOC124905628						protein-coding
124905629	LOC124905629						protein-coding
124905630	LOC124905630						protein-coding
124905631	LOC124905631						ncRNA
124905632	LOC124905632						ncRNA
124905633	LOC124905633						ncRNA
124905634	LOC124905634						ncRNA
124905635	LOC124905635						ncRNA
124905636	LOC124905636						ncRNA
124905637	LOC124905637						ncRNA
124905638	LOC124905638						ncRNA
124905639	LOC124905639						ncRNA
124905640	LOC124905640						ncRNA
124905641	LOC124905641						ncRNA
124905642	LOC124905642						ncRNA
124905643	LOC124905643						ncRNA
124905644	LOC124905644						ncRNA
124905645	LOC124905645						ncRNA
124905646	LOC124905646						ncRNA
124905647	LOC124905647						ncRNA
124905648	LOC124905648						ncRNA
124905649	LOC124905649						ncRNA
124905650	LOC124905650						ncRNA
124908559	LOC124908559						ncRNA
124908560	LOC124908560						ncRNA
124908561	LOC124908561						ncRNA
124908562	LOC124908562						ncRNA
124908563	LOC124908563						ncRNA
124908564	LOC124908564						ncRNA
124908565	LOC124908565						ncRNA
124908566	LOC124908566						ncRNA
124908567	LOC124908567						ncRNA
124908568	LOC124908568						ncRNA
124908569	LOC124908569						ncRNA
124908570	LOC124908570						ncRNA
124908571	LOC124908571						ncRNA
124908572	LOC124908572						ncRNA
124908573	LOC124908573						ncRNA
124908574	LOC124908574						ncRNA
124908575	LOC124908575						ncRNA
124908576	LOC124908576						ncRNA
124908577	LOC124908577						ncRNA
124908578	LOC124908578						ncRNA
124908579	LOC124908579						ncRNA
124908580	LOC124908580						ncRNA
124908581	LOC124908581						ncRNA
124908582	LOC124908582						ncRNA
124908583	LOC124908583						ncRNA
124908584	LOC124908584						ncRNA
124908585	LOC124908585						ncRNA
124908586	LOC124908586						ncRNA
124908587	LOC124908587						ncRNA
124908588	LOC124908588						ncRNA
124908589	LOC124908589						ncRNA
124908590	LOC124908590						ncRNA
124908591	LOC124908591						ncRNA
124908592	LOC124908592						ncRNA
124908593	LOC124908593						ncRNA
124908594	LOC124908594						ncRNA
124908595	LOC124908595						ncRNA
124908596	LOC124908596						ncRNA
124908597	LOC124908597						ncRNA
124908598	LOC124908598						ncRNA
124908599	LOC124908599						ncRNA
124908600	LOC124908600						ncRNA
124908601	LOC124908601						ncRNA
124908602	LOC124908602						ncRNA
124908603	LOC124908603						ncRNA
124908604	LOC124908604						ncRNA
124908605	LOC124908605						ncRNA
124908606	LOC124908606						ncRNA
124908607	LOC124908607						ncRNA
124908608	LOC124908608						ncRNA
124908609	LOC124908609						ncRNA
124908610	LOC124908610						ncRNA
124908611	LOC124908611						ncRNA
124908612	LOC124908612						ncRNA
124908613	LOC124908613						ncRNA
124908614	LOC124908614						ncRNA
124908615	LOC124908615						ncRNA
124908616	LOC124908616						ncRNA
124908617	LOC124908617						ncRNA
124908618	LOC124908618						ncRNA
124908619	LOC124908619						ncRNA
124908620	LOC124908620						ncRNA
124908621	LOC124908621						ncRNA
124908622	LOC124908622						ncRNA
124908623	LOC124908623						ncRNA
124908624	LOC124908624						ncRNA
124908625	LOC124908625						ncRNA
124908626	LOC124908626						ncRNA
124908627	LOC124908627						ncRNA
124908628	LOC124908628						ncRNA
124908629	LOC124908629						ncRNA
124908630	LOC124908630						ncRNA
124908631	LOC124908631						ncRNA
124908632	LOC124908632						ncRNA
124908633	LOC124908633						ncRNA
124908634	LOC124908634						ncRNA
124908635	LOC124908635						ncRNA
124908636	LOC124908636						ncRNA
124908637	LOC124908637						ncRNA
124908638	LOC124908638						ncRNA
124908639	LOC124908639						ncRNA
124908640	LOC124908640						ncRNA
124908641	LOC124908641						ncRNA
124908642	LOC124908642						ncRNA
124908643	LOC124908643						ncRNA
124908644	LOC124908644						ncRNA
124908645	LOC124908645						ncRNA
124908646	LOC124908646						ncRNA
124908647	LOC124908647						ncRNA
124908648	LOC124908648						ncRNA
124908649	LOC124908649						ncRNA
124908650	LOC124908650						ncRNA
124908651	LOC124908651						ncRNA
124908652	LOC124908652						ncRNA
124908653	LOC124908653						ncRNA
124908654	LOC124908654						ncRNA
124908655	LOC124908655						ncRNA
124908656	LOC124908656						ncRNA
124908657	LOC124908657						ncRNA
124908658	LOC124908658						ncRNA
124908659	LOC124908659						ncRNA
124908660	LOC124908660						ncRNA
124908661	LOC124908661						ncRNA
124908662	LOC124908662						ncRNA
124908663	LOC124908663						ncRNA
124908664	LOC124908664						ncRNA
124908665	LOC124908665						ncRNA
124908666	LOC124908666						ncRNA
124908667	LOC124908667						ncRNA
124908668	LOC124908668						ncRNA
124908669	LOC124908669						ncRNA
124908670	LOC124908670						ncRNA
124908671	LOC124908671						ncRNA
124908672	LOC124908672						ncRNA
124908673	LOC124908673						ncRNA
124908674	LOC124908674						ncRNA
124908675	LOC124908675						ncRNA
124908676	LOC124908676						ncRNA
124908677	LOC124908677						ncRNA
124908678	LOC124908678						ncRNA
124908679	LOC124908679						ncRNA
124908680	LOC124908680						ncRNA
124908681	LOC124908681						ncRNA
124908682	LOC124908682						ncRNA
124908683	LOC124908683						ncRNA
124908684	LOC124908684						ncRNA
124908685	LOC124908685						pseudo
124908686	LOC124908686						pseudo
124908687	LOC124908687						pseudo
124908688	LOC124908688						pseudo
124908689	LOC124908689						pseudo
124908690	LOC124908690						pseudo
124908691	LOC124908691						pseudo
124908692	LOC124908692						pseudo
124908693	LOC124908693						ncRNA
124908694	LOC124908694						ncRNA
124908695	LOC124908695						ncRNA
124908696	LOC124908696						ncRNA
124908697	LOC124908697						ncRNA
124908698	LOC124908698						ncRNA
124908699	LOC124908699						ncRNA
124908700	LOC124908700						ncRNA
124908701	LOC124908701						ncRNA
124908702	LOC124908702						ncRNA
124908703	LOC124908703						ncRNA
124908704	LOC124908704						ncRNA
124908705	LOC124908705						ncRNA
124908706	LOC124908706						ncRNA
124908707	LOC124908707						ncRNA
124908708	LOC124908708						ncRNA
124908709	LOC124908709						ncRNA
124908710	LOC124908710						ncRNA
124908711	LOC124908711						ncRNA
124908712	LOC124908712						ncRNA
124908713	LOC124908713						ncRNA
124908714	LOC124908714						ncRNA
124908715	LOC124908715						ncRNA
124908716	LOC124908716						ncRNA
124908717	LOC124908717						ncRNA
124908718	LOC124908718						ncRNA
124908719	LOC124908719						ncRNA
124908720	LOC124908720						ncRNA
124908721	LOC124908721						ncRNA
124908722	LOC124908722						ncRNA
124908723	LOC124908723						ncRNA
124908724	LOC124908724						ncRNA
124908725	LOC124908725						ncRNA
124908726	LOC124908726						ncRNA
124908727	LOC124908727						ncRNA
124908728	LOC124908728						ncRNA
124908729	LOC124908729						ncRNA
124908730	LOC124908730						ncRNA
124908731	LOC124908731						ncRNA
124908732	LOC124908732						ncRNA
124908733	LOC124908733						ncRNA
124908734	LOC124908734						ncRNA
124908735	LOC124908735						ncRNA
124908736	LOC124908736						ncRNA
124908737	LOC124908737						ncRNA
124908738	LOC124908738						ncRNA
124908739	LOC124908739						ncRNA
124908740	LOC124908740						ncRNA
124908741	LOC124908741						ncRNA
124908742	LOC124908742						ncRNA
124908743	LOC124908743						ncRNA
124908744	LOC124908744						ncRNA
124908745	LOC124908745						ncRNA
124908746	LOC124908746						ncRNA
124908747	LOC124908747						ncRNA
124908748	LOC124908748						ncRNA
124908749	LOC124908749						ncRNA
124908750	LOC124908750						ncRNA
124908751	LOC124908751						ncRNA
124908752	LOC124908752						ncRNA
124908753	LOC124908753						ncRNA
124908754	LOC124908754						ncRNA
124908755	LOC124908755						ncRNA
124908756	LOC124908756						ncRNA
124908757	LOC124908757						ncRNA
124908758	LOC124908758						ncRNA
124908759	LOC124908759						ncRNA
124908760	LOC124908760						ncRNA
124908761	LOC124908761						ncRNA
124908762	LOC124908762						ncRNA
124908763	LOC124908763						ncRNA
124908764	LOC124908764						ncRNA
124908765	LOC124908765						ncRNA
124908766	LOC124908766						ncRNA
124908767	LOC124908767						ncRNA
124908768	LOC124908768						ncRNA
124908769	LOC124908769						ncRNA
124908770	LOC124908770						ncRNA
124908771	LOC124908771						ncRNA
124908772	LOC124908772						ncRNA
124908773	LOC124908773						ncRNA
124908774	LOC124908774						ncRNA
124908775	LOC124908775						ncRNA
124908776	LOC124908776						ncRNA
124908777	LOC124908777						protein-coding
124908778	LOC124908778						ncRNA
124908779	LOC124908779						ncRNA
124908780	LOC124908780						ncRNA
124908781	LOC124908781						ncRNA
124908782	LOC124908782						ncRNA
124908783	LOC124908783						ncRNA
124908784	LOC124908784						ncRNA
124908785	LOC124908785						ncRNA
124908786	LOC124908786						ncRNA
124908787	LOC124908787						ncRNA
124908788	LOC124908788						ncRNA
124908789	LOC124908789						ncRNA
124908790	LOC124908790						ncRNA
124908791	LOC124908791						ncRNA
124908792	LOC124908792						ncRNA
124908793	LOC124908793						ncRNA
124908794	LOC124908794						ncRNA
124908795	LOC124908795						ncRNA
124908796	LOC124908796						ncRNA
124908797	LOC124908797						ncRNA
124908798	LOC124908798						ncRNA
124908799	LOC124908799						ncRNA
124908800	LOC124908800						ncRNA
124908801	LOC124908801						ncRNA
124908802	LOC124908802						ncRNA
124908803	LOC124908803						ncRNA
124908804	LOC124908804						ncRNA
124908805	LOC124908805						ncRNA
124908806	LOC124908806						ncRNA
124908807	LOC124908807						ncRNA
124908808	LOC124908808						ncRNA
124908809	LOC124908809						ncRNA
124908810	LOC124908810						ncRNA
124908811	LOC124908811						ncRNA
124908812	LOC124908812						ncRNA
124908813	LOC124908813						ncRNA
124908814	LOC124908814						ncRNA
124908815	LOC124908815						ncRNA
124908816	LOC124908816						ncRNA
124908817	LOC124908817						ncRNA
124908818	LOC124908818						ncRNA
124908819	LOC124908819						ncRNA
124908820	LOC124908820						ncRNA
124908821	LOC124908821						ncRNA
124908822	LOC124908822						ncRNA
124908823	LOC124908823						ncRNA
124908824	LOC124908824						ncRNA
124908825	LOC124908825						ncRNA
124908826	LOC124908826						ncRNA
124908827	LOC124908827						ncRNA
124908828	LOC124908828						ncRNA
124908829	LOC124908829						ncRNA
124908830	LOC124908830						ncRNA
124908831	LOC124908831						ncRNA
124908832	LOC124908832						ncRNA
124908833	LOC124908833						ncRNA
124908834	LOC124908834						ncRNA
124908835	LOC124908835						ncRNA
124908836	LOC124908836						ncRNA
124908837	LOC124908837						ncRNA
124908838	LOC124908838						ncRNA
124908839	LOC124908839						ncRNA
124908840	LOC124908840						ncRNA
124908841	LOC124908841						ncRNA
124908842	LOC124908842						ncRNA
124908843	LOC124908843						ncRNA
124908844	LOC124908844						ncRNA
124908845	LOC124908845						ncRNA
124908846	LOC124908846						ncRNA
124908847	LOC124908847						ncRNA
124908848	LOC124908848						ncRNA
124908849	LOC124908849						ncRNA
124908850	LOC124908850						ncRNA
124908851	LOC124908851						ncRNA
124908852	LOC124908852						ncRNA
124908853	LOC124908853						ncRNA
124908854	LOC124908854						ncRNA
124908855	LOC124908855						ncRNA
124908856	LOC124908856						ncRNA
124908857	LOC124908857						ncRNA
124908858	LOC124908858						ncRNA
124908859	LOC124908859						ncRNA
124908860	LOC124908860						ncRNA
124908861	LOC124908861						ncRNA
124908862	LOC124908862						ncRNA
124908863	LOC124908863						ncRNA
124908864	LOC124908864						ncRNA
124908865	LOC124908865						ncRNA
124908866	LOC124908866						ncRNA
124908867	LOC124908867						ncRNA
124908868	LOC124908868						ncRNA
124908869	LOC124908869						ncRNA
124908870	LOC124908870						ncRNA
124908871	LOC124908871						ncRNA
124908872	LOC124908872						ncRNA
124908873	LOC124908873						ncRNA
124908874	LOC124908874						ncRNA
124908875	LOC124908875						ncRNA
124908876	LOC124908876						ncRNA
124908877	LOC124908877						ncRNA
124908878	LOC124908878						ncRNA
124908879	LOC124908879						ncRNA
124908880	LOC124908880						ncRNA
124908881	LOC124908881						ncRNA
124908882	LOC124908882						ncRNA
124908883	LOC124908883						pseudo
124908884	LOC124908884						protein-coding
124908885	LOC124908885						ncRNA
124908886	LOC124908886						protein-coding
124908887	LOC124908887						ncRNA
124908888	LOC124908888						ncRNA
124908889	LOC124908889						ncRNA
124908890	LOC124908890						ncRNA
124908891	LOC124908891						ncRNA
124908892	LOC124908892						ncRNA
124908893	LOC124908893						ncRNA
124908894	LOC124908894						ncRNA
124908895	LOC124908895						ncRNA
124908896	LOC124908896						ncRNA
124908897	LOC124908897						ncRNA
124908898	LOC124908898						ncRNA
124908899	LOC124908899						ncRNA
124908900	LOC124908900						ncRNA
124908901	LOC124908901						ncRNA
124908902	LOC124908902						ncRNA
124908903	LOC124908903						pseudo
124908904	LOC124908904						pseudo
124908905	LOC124908905						protein-coding
124908906	LOC124908906						ncRNA
124908907	LOC124908907						ncRNA
124908908	LOC124908908						ncRNA
124908909	LOC124908909						ncRNA
124908910	LOC124908910						ncRNA
124908911	LOC124908911						ncRNA
124908912	LOC124908912						ncRNA
124908913	LOC124908913						ncRNA
124908914	LOC124908914						ncRNA
124908915	LOC124908915						ncRNA
124908916	LOC124908916						ncRNA
124908917	LOC124908917						ncRNA
124908918	LOC124908918						ncRNA
124908919	LOC124908919						ncRNA
124908920	LOC124908920						ncRNA
124908921	LOC124908921						ncRNA
124908922	LOC124908922						ncRNA
124908923	LOC124908923						ncRNA
124908924	LOC124908924						ncRNA
124908925	LOC124908925						ncRNA
124908926	LOC124908926						ncRNA
124908927	LOC124908927						ncRNA
124908928	LOC124908928						ncRNA
124908929	LOC124908929						ncRNA
124908930	LOC124908930						ncRNA
124908931	LOC124908931						ncRNA
124908932	LOC124908932						ncRNA
124908933	LOC124908933						ncRNA
124908934	LOC124908934						ncRNA
124908935	LOC124908935						ncRNA
124908936	LOC124908936						ncRNA
124908937	LOC124908937						ncRNA
124908938	LOC124908938						ncRNA
124908939	LOC124908939						ncRNA
124908940	LOC124908940						ncRNA
124908941	LOC124908941						ncRNA
124908942	LOC124908942						ncRNA
124908943	LOC124908943						ncRNA
124908944	LOC124908944						ncRNA
124908945	LOC124908945						ncRNA
124908946	LOC124908946						ncRNA
124908947	LOC124908947						ncRNA
124908948	LOC124908948						ncRNA
124908949	LOC124908949						ncRNA
124908950	LOC124908950						ncRNA
124908951	LOC124908951						ncRNA
124908952	LOC124908952						ncRNA
124908953	LOC124908953						ncRNA
124908954	LOC124908954						ncRNA
124908955	LOC124908955						ncRNA
124908956	LOC124908956						ncRNA
124908957	LOC124908957						ncRNA
124908958	LOC124908958						ncRNA
124908959	LOC124908959						ncRNA
124908960	LOC124908960						ncRNA
124908961	LOC124908961						ncRNA
124908962	LOC124908962						ncRNA
124908963	LOC124908963						ncRNA
124908964	LOC124908964						ncRNA
124908965	LOC124908965						ncRNA
124908966	LOC124908966						ncRNA
124908967	LOC124908967						ncRNA
124908968	LOC124908968						ncRNA
124908969	LOC124908969						ncRNA
124908970	LOC124908970						ncRNA
124908971	LOC124908971						ncRNA
124908972	LOC124908972						ncRNA
124908973	LOC124908973						ncRNA
124908974	LOC124908974						ncRNA
124908975	LOC124908975						ncRNA
124908976	LOC124908976						ncRNA
124908977	LOC124908977						ncRNA
124908978	LOC124908978						protein-coding
124908979	LOC124908979						protein-coding
124908980	LOC124908980						protein-coding
124908981	LOC124908981						protein-coding
124908982	LOC124908982						ncRNA
124908983	LOC124908983						ncRNA
124908984	LOC124908984						ncRNA
124908985	LOC124908985						ncRNA
124908986	LOC124908986						ncRNA
124908987	LOC124908987						ncRNA
124908988	LOC124908988						protein-coding
124908989	LOC124908989						ncRNA
124908990	LOC124908990						ncRNA
124908991	LOC124908991						ncRNA
124908992	LOC124908992						ncRNA
124908993	LOC124908993						ncRNA
124908994	LOC124908994						ncRNA
124908995	LOC124908995						ncRNA
124908996	LOC124908996						ncRNA
124908997	LOC124908997						ncRNA
124908998	LOC124908998						ncRNA
124908999	LOC124908999						ncRNA
124909000	LOC124909000						ncRNA
124909001	LOC124909001						ncRNA
124909002	LOC124909002						ncRNA
124909003	LOC124909003						ncRNA
124909004	LOC124909004						ncRNA
124909005	LOC124909005						ncRNA
124909006	LOC124909006						ncRNA
124909007	LOC124909007						ncRNA
124909008	LOC124909008						ncRNA
124909009	LOC124909009						ncRNA
124909010	LOC124909010						ncRNA
124909011	LOC124909011						ncRNA
124909012	LOC124909012						ncRNA
124909013	LOC124909013						ncRNA
124909014	LOC124909014						ncRNA
124909015	LOC124909015						protein-coding
124909016	LOC124909016						ncRNA
124909017	LOC124909017						ncRNA
124909018	LOC124909018						ncRNA
124909019	LOC124909019						ncRNA
124909020	LOC124909020						ncRNA
124909021	LOC124909021						ncRNA
124909022	LOC124909022						ncRNA
124909023	LOC124909023						ncRNA
124909024	LOC124909024						ncRNA
124909025	LOC124909025						ncRNA
124909026	LOC124909026						ncRNA
124909027	LOC124909027						ncRNA
124909028	LOC124909028						ncRNA
124909029	LOC124909029						ncRNA
124909030	LOC124909030						ncRNA
124909031	LOC124909031						ncRNA
124909032	LOC124909032						ncRNA
124909033	LOC124909033						ncRNA
124909034	LOC124909034						ncRNA
124909035	LOC124909035						ncRNA
124909036	LOC124909036						ncRNA
124909037	LOC124909037						ncRNA
124909038	LOC124909038						ncRNA
124909039	LOC124909039						ncRNA
124909040	LOC124909040						ncRNA
124909041	LOC124909041						ncRNA
124909042	LOC124909042						ncRNA
124909043	LOC124909043						ncRNA
124909044	LOC124909044						ncRNA
124909045	LOC124909045						ncRNA
124909046	LOC124909046						ncRNA
124909047	LOC124909047						ncRNA
124909048	LOC124909048						ncRNA
124909049	LOC124909049						ncRNA
124909050	LOC124909050						ncRNA
124909051	LOC124909051						ncRNA
124909052	LOC124909052						ncRNA
124909053	LOC124909053						ncRNA
124909054	LOC124909054						ncRNA
124909055	LOC124909055						ncRNA
124909056	LOC124909056						ncRNA
124909057	LOC124909057						ncRNA
124909058	LOC124909058						ncRNA
124909059	LOC124909059						ncRNA
124909060	LOC124909060						ncRNA
124909061	LOC124909061						ncRNA
124909062	LOC124909062						ncRNA
124909063	LOC124909063						ncRNA
124909064	LOC124909064						ncRNA
124909065	LOC124909065						ncRNA
124909066	LOC124909066						ncRNA
124909067	LOC124909067						ncRNA
124909068	LOC124909068						ncRNA
124909069	LOC124909069						ncRNA
124909070	LOC124909070						ncRNA
124909071	LOC124909071						ncRNA
124909072	LOC124909072						ncRNA
124909073	LOC124909073						ncRNA
124909074	LOC124909074						ncRNA
124909075	LOC124909075						ncRNA
124909076	LOC124909076						ncRNA
124909077	LOC124909077						ncRNA
124909078	LOC124909078						ncRNA
124909079	LOC124909079						ncRNA
124909080	LOC124909080						ncRNA
124909081	LOC124909081						ncRNA
124909082	LOC124909082						ncRNA
124909083	LOC124909083						ncRNA
124909084	LOC124909084						protein-coding
124909085	LOC124909085						ncRNA
124909086	LOC124909086						ncRNA
124909087	LOC124909087						ncRNA
124909088	LOC124909088						ncRNA
124909089	LOC124909089						ncRNA
124909090	LOC124909090						ncRNA
124909091	LOC124909091						ncRNA
124909092	LOC124909092						ncRNA
124909093	LOC124909093						protein-coding
124909094	LOC124909094						protein-coding
124909095	LOC124909095						ncRNA
124909096	LOC124909096						ncRNA
124909097	LOC124909097						ncRNA
124909098	LOC124909098						ncRNA
124909099	LOC124909099						ncRNA
124909100	LOC124909100						ncRNA
124909101	LOC124909101						ncRNA
124909102	LOC124909102						ncRNA
124909103	LOC124909103						ncRNA
124909104	LOC124909104						ncRNA
124909105	LOC124909105						ncRNA
124909106	LOC124909106						ncRNA
124909107	LOC124909107						ncRNA
124909108	LOC124909108						ncRNA
124909109	LOC124909109						ncRNA
124909110	LOC124909110						ncRNA
124909111	LOC124909111						ncRNA
124909112	LOC124909112						ncRNA
124909113	LOC124909113						ncRNA
124909114	LOC124909114						ncRNA
124909115	LOC124909115						ncRNA
124909116	LOC124909116						ncRNA
124909117	LOC124909117						ncRNA
124909118	LOC124909118						ncRNA
124909119	LOC124909119						ncRNA
124909120	LOC124909120						ncRNA
124909121	LOC124909121						ncRNA
124909122	LOC124909122						ncRNA
124909123	LOC124909123						ncRNA
124909124	LOC124909124						ncRNA
124909125	LOC124909125						ncRNA
124909126	LOC124909126						ncRNA
124909127	LOC124909127						ncRNA
124909128	LOC124909128						ncRNA
124909129	LOC124909129						ncRNA
124909130	LOC124909130						ncRNA
124909131	LOC124909131						ncRNA
124909132	LOC124909132						ncRNA
124909133	LOC124909133						ncRNA
124909134	LOC124909134						ncRNA
124909135	LOC124909135						ncRNA
124909136	LOC124909136						ncRNA
124909137	LOC124909137						ncRNA
124909138	LOC124909138						ncRNA
124909139	LOC124909139						ncRNA
124909140	LOC124909140						ncRNA
124909141	LOC124909141						ncRNA
124909142	LOC124909142						ncRNA
124909143	LOC124909143						ncRNA
124909144	LOC124909144						ncRNA
124909145	LOC124909145						ncRNA
124909146	LOC124909146						ncRNA
124909147	LOC124909147						ncRNA
124909148	LOC124909148						ncRNA
124909149	LOC124909149						ncRNA
124909150	LOC124909150						ncRNA
124909151	LOC124909151						ncRNA
124909152	LOC124909152						ncRNA
124909153	LOC124909153						ncRNA
124909154	LOC124909154						ncRNA
124909155	LOC124909155						ncRNA
124909156	LOC124909156						ncRNA
124909157	LOC124909157						ncRNA
124909158	LOC124909158						ncRNA
124909159	LOC124909159						protein-coding
124909160	LOC124909160						ncRNA
124909161	LOC124909161						ncRNA
124909162	LOC124909162						ncRNA
124909163	LOC124909163						ncRNA
124909164	LOC124909164						ncRNA
124909165	LOC124909165						ncRNA
124909166	LOC124909166						ncRNA
124909167	LOC124909167						ncRNA
124909168	LOC124909168						ncRNA
124909169	LOC124909169						ncRNA
124909170	LOC124909170						ncRNA
124909171	LOC124909171						ncRNA
124909172	LOC124909172						ncRNA
124909173	LOC124909173						ncRNA
124909174	LOC124909174						ncRNA
124909175	LOC124909175						ncRNA
124909176	LOC124909176						ncRNA
124909177	LOC124909177						ncRNA
124909178	LOC124909178						ncRNA
124909179	LOC124909179						ncRNA
124909180	LOC124909180						ncRNA
124909181	LOC124909181						ncRNA
124909182	LOC124909182						ncRNA
124909183	LOC124909183						ncRNA
124909184	LOC124909184						ncRNA
124909185	LOC124909185						ncRNA
124909186	LOC124909186						ncRNA
124909187	LOC124909187						ncRNA
124909188	LOC124909188						ncRNA
124909189	LOC124909189						ncRNA
124909190	LOC124909190						ncRNA
124909191	LOC124909191						ncRNA
124909192	LOC124909192						ncRNA
124909193	LOC124909193						ncRNA
124909194	LOC124909194						ncRNA
124909195	LOC124909195						ncRNA
124909196	LOC124909196						ncRNA
124909197	LOC124909197						protein-coding
124909198	LOC124909198						ncRNA
124909199	LOC124909199						ncRNA
124909200	LOC124909200						ncRNA
124909201	LOC124909201						ncRNA
124909202	LOC124909202						ncRNA
124909203	LOC124909203						ncRNA
124909204	LOC124909204						ncRNA
124909205	LOC124909205						ncRNA
124909206	LOC124909206						ncRNA
124909207	LOC124909207						ncRNA
124909208	LOC124909208						ncRNA
124909209	LOC124909209						ncRNA
124909210	LOC124909210						ncRNA
124909211	LOC124909211						ncRNA
124909212	LOC124909212						ncRNA
124909213	LOC124909213						ncRNA
124909214	LOC124909214						ncRNA
124909215	LOC124909215						ncRNA
124909216	LOC124909216						ncRNA
124909217	LOC124909217						ncRNA
124909218	LOC124909218						ncRNA
124909219	LOC124909219						ncRNA
124909220	LOC124909220						ncRNA
124909221	LOC124909221						ncRNA
124909222	LOC124909222						ncRNA
124909223	LOC124909223						ncRNA
124909224	LOC124909224						ncRNA
124909225	LOC124909225						ncRNA
124909226	LOC124909226						ncRNA
124909227	LOC124909227						ncRNA
124909228	LOC124909228						ncRNA
124909229	LOC124909229						ncRNA
124909230	LOC124909230						ncRNA
124909231	LOC124909231						ncRNA
124909232	LOC124909232						ncRNA
124909233	LOC124909233						ncRNA
124909234	LOC124909234						ncRNA
124909235	LOC124909235						ncRNA
124909236	LOC124909236						ncRNA
124909237	LOC124909237						ncRNA
124909238	LOC124909238						ncRNA
124909239	LOC124909239						ncRNA
124909240	LOC124909240						ncRNA
124909241	LOC124909241						ncRNA
124909242	LOC124909242						ncRNA
124909243	LOC124909243						ncRNA
124909244	LOC124909244						ncRNA
124909245	LOC124909245						ncRNA
124909246	LOC124909246						ncRNA
124909247	LOC124909247						ncRNA
124909248	LOC124909248						ncRNA
124909249	LOC124909249						ncRNA
124909250	LOC124909250						ncRNA
124909251	LOC124909251						ncRNA
124909252	LOC124909252						ncRNA
124909253	LOC124909253						ncRNA
124909254	LOC124909254						ncRNA
124909255	LOC124909255						ncRNA
124909256	LOC124909256						ncRNA
124909257	LOC124909257						ncRNA
124909258	LOC124909258						ncRNA
124909259	LOC124909259						ncRNA
124909260	LOC124909260						ncRNA
124909261	LOC124909261						ncRNA
124909262	LOC124909262						ncRNA
124909263	LOC124909263						ncRNA
124909264	LOC124909264						ncRNA
124909265	LOC124909265						ncRNA
124909266	LOC124909266						ncRNA
124909267	LOC124909267						ncRNA
124909268	LOC124909268						ncRNA
124909269	LOC124909269						ncRNA
124909270	LOC124909270						ncRNA
124909271	LOC124909271						ncRNA
124909272	LOC124909272						ncRNA
124909273	LOC124909273						ncRNA
124909274	LOC124909274						ncRNA
124909275	LOC124909275						ncRNA
124909276	LOC124909276						ncRNA
124909277	LOC124909277						ncRNA
124909278	LOC124909278						ncRNA
124909279	LOC124909279						ncRNA
124909280	LOC124909280						ncRNA
124909281	LOC124909281						ncRNA
124909282	LOC124909282						ncRNA
124909283	LOC124909283						ncRNA
124909284	LOC124909284						ncRNA
124909285	LOC124909285						ncRNA
124909286	LOC124909286						ncRNA
124909287	LOC124909287						ncRNA
124909288	LOC124909288						ncRNA
124909289	LOC124909289						ncRNA
124909290	LOC124909290						ncRNA
124909291	LOC124909291						ncRNA
124909292	LOC124909292						ncRNA
124909293	LOC124909293						protein-coding
124909294	LOC124909294						protein-coding
124909295	LOC124909295						ncRNA
124909296	LOC124909296						ncRNA
124909297	LOC124909297						ncRNA
124909298	LOC124909298						ncRNA
124909299	LOC124909299						ncRNA
124909300	LOC124909300						ncRNA
124909301	LOC124909301						ncRNA
124909302	LOC124909302						ncRNA
124909303	LOC124909303						ncRNA
124909304	LOC124909304						ncRNA
124909305	LOC124909305						protein-coding
124909306	LOC124909306						protein-coding
124909307	LOC124909307						ncRNA
124909308	LOC124909308						ncRNA
124909309	LOC124909309						ncRNA
124909310	LOC124909310						ncRNA
124909311	LOC124909311						ncRNA
124909312	LOC124909312						ncRNA
124909313	LOC124909313						ncRNA
124909314	LOC124909314						ncRNA
124909315	LOC124909315						ncRNA
124909316	LOC124909316						ncRNA
124909317	LOC124909317						protein-coding
124909318	LOC124909318						protein-coding
124909319	LOC124909319						ncRNA
124909320	LOC124909320						protein-coding
124909321	LOC124909321						ncRNA
124909322	LOC124909322						ncRNA
124909323	LOC124909323						ncRNA
124909324	LOC124909324						ncRNA
124909325	LOC124909325						ncRNA
124909326	LOC124909326						ncRNA
124909327	LOC124909327						ncRNA
124909328	LOC124909328						ncRNA
124909329	LOC124909329						protein-coding
124909330	LOC124909330						protein-coding
124909331	LOC124909331						ncRNA
124909332	LOC124909332						protein-coding
124909333	LOC124909333						ncRNA
124909334	LOC124909334						ncRNA
124909335	LOC124909335						ncRNA
126057105	LOC126057105						biological-region
126057106	LOC126057106						biological-region
126057107	LOC126057107						biological-region
126057108	LOC126057108						biological-region
126057109	LOC126057109						biological-region
126057110	LOC126057110						biological-region
126057111	LOC126057111						biological-region
126057112	LOC126057112						biological-region
126057113	LOC126057113						biological-region
126057114	LOC126057114						biological-region
127739463	LOC127739463						biological-region
127739464	LOC127739464						biological-region
127739465	LOC127739465						biological-region
127739466	LOC127739466						biological-region
127739467	LOC127739467						biological-region
127739468	LOC127739468						biological-region
127739469	LOC127739469						biological-region
127739470	LOC127739470						biological-region
127739471	LOC127739471						biological-region
127739472	LOC127739472						biological-region
127739473	LOC127739473						biological-region
127739474	LOC127739474						biological-region
127739475	LOC127739475						biological-region
127739476	LOC127739476						biological-region
127739477	LOC127739477						biological-region
127739478	LOC127739478						biological-region
127739479	LOC127739479						biological-region
127739480	LOC127739480						biological-region
127739481	LOC127739481						biological-region
127739482	LOC127739482						biological-region
127739483	LOC127739483						biological-region
127739484	LOC127739484						biological-region
127739485	LOC127739485						biological-region
127739486	LOC127739486						biological-region
127739487	LOC127739487						biological-region
127739488	LOC127739488						biological-region
127739489	LOC127739489						biological-region
127739490	LOC127739490						biological-region
127739491	LOC127739491						biological-region
127739492	LOC127739492						biological-region
127739493	LOC127739493						biological-region
127739494	LOC127739494						biological-region
127739495	LOC127739495						biological-region
127739496	LOC127739496						biological-region
127739497	LOC127739497						biological-region
127739498	LOC127739498						biological-region
127739499	LOC127739499						biological-region
127739500	LOC127739500						biological-region
127739501	LOC127739501						biological-region
127739502	LOC127739502						biological-region
127739503	LOC127739503						biological-region
127739504	LOC127739504						biological-region
127739505	LOC127739505						biological-region
127739506	LOC127739506						biological-region
127739507	LOC127739507						biological-region
127739508	LOC127739508						biological-region
127739509	LOC127739509						biological-region
127739510	LOC127739510						biological-region
127739511	LOC127739511						biological-region
127739512	LOC127739512						biological-region
127739513	LOC127739513						biological-region
127739514	LOC127739514						biological-region
127739515	LOC127739515						biological-region
127739516	LOC127739516						biological-region
127739517	LOC127739517						biological-region
127739518	LOC127739518						biological-region
127739519	LOC127739519						biological-region
127739520	LOC127739520						biological-region
127739521	LOC127739521						biological-region
127739522	LOC127739522						biological-region
127739523	LOC127739523						biological-region
127739524	LOC127739524						biological-region
127739525	LOC127739525						biological-region
127739526	LOC127739526						biological-region
127739527	LOC127739527						biological-region
127739528	LOC127739528						biological-region
127739529	LOC127739529						biological-region
127739530	LOC127739530						biological-region
127739531	LOC127739531						biological-region
127739532	LOC127739532						biological-region
127739533	LOC127739533						biological-region
127739534	LOC127739534						biological-region
127739535	LOC127739535						biological-region
127739536	LOC127739536						biological-region
127739537	LOC127739537						biological-region
127739538	LOC127739538						biological-region
127739539	LOC127739539						biological-region
127739540	LOC127739540						biological-region
127739541	LOC127739541						biological-region
127739542	LOC127739542						biological-region
127739543	LOC127739543						biological-region
127739544	LOC127739544						biological-region
127739545	LOC127739545						biological-region
