chr#	GeneID	Symbol	EnsemblID	HGNCID	MIM Number	UniprotAC	UniprotID
2	3230 : 100506783	HOXD@ : HOXD-AS2		5131 : 43756			
2	3230 : 3231	HOXD@ : HOXD1	<NA> : ENSG00000128645	5131 : 5132	<NA> : 142987	<NA> : Q9GZZ0	<NA> : HXD1
2	3230 : 3232	HOXD@ : HOXD3	<NA> : ENSG00000128652	5131 : 5137	<NA> : 142980	<NA> : P31249	<NA> : HXD3
2	3230 : 3233	HOXD@ : HOXD4	<NA> : ENSG00000170166	5131 : 5138	<NA> : 142981	<NA> : P09016	<NA> : HXD4
2	3230 : 3234	HOXD@ : HOXD8	<NA> : ENSG00000175879	5131 : 5139	<NA> : 142985	<NA> : P13378	<NA> : HXD8
2	3230 : 3235	HOXD@ : HOXD9	<NA> : ENSG00000128709	5131 : 5140	<NA> : 142982	<NA> : P28356	<NA> : HXD9
2	3230 : 3236	HOXD@ : HOXD10	<NA> : ENSG00000128710	5131 : 5133	<NA> : 142984	<NA> : P28358	<NA> : HXD10
2	3230 : 3237	HOXD@ : HOXD11	<NA> : ENSG00000128713	5131 : 5134	<NA> : 142986	<NA> : P31277	<NA> : HXD11
2	3230 : 3238	HOXD@ : HOXD12	<NA> : ENSG00000170178	5131 : 5135	<NA> : 142988	<NA> : P35452	<NA> : HXD12
2	3230 : 3239	HOXD@ : HOXD13	<NA> : ENSG00000128714	5131 : 5136	<NA> : 142989	<NA> : P35453	<NA> : HXD13
2	3230 : 401021	HOXD@ : LOC401021					
2	3230 : 401022	HOXD@ : HAGLR	<NA> : ENSG00000224189	5131 : 43755	<NA> : 618209		
14	3492 : 28337	IGH : IGHVIV-44-1		5477 : 5710			
14	3492 : 28338	IGH : IGHVIII-82	<NA> : ENSG00000253303	5477 : 5709			
14	3492 : 28339	IGH : IGHVIII-76-1	<NA> : ENSG00000253310	5477 : 5708			
14	3492 : 28340	IGH : IGHVIII-67-4	<NA> : ENSG00000254052	5477 : 5707			
14	3492 : 28341	IGH : IGHVIII-67-3	<NA> : ENSG00000253635	5477 : 5706			
14	3492 : 28342	IGH : IGHVIII-67-2	<NA> : ENSG00000254036	5477 : 5705			
14	3492 : 28343	IGH : IGHV8-51-1	<NA> : ENSG00000254167	5477 : 5704			
14	3492 : 28344	IGH : IGHVIII-47-1	<NA> : ENSG00000253862	5477 : 5701			
14	3492 : 28345	IGH : IGHVIII-44		5477 : 5700			
14	3492 : 28346	IGH : IGHVIII-38-1	<NA> : ENSG00000253989	5477 : 5699			
14	3492 : 28347	IGH : IGHVIII-26-1	<NA> : ENSG00000253462	5477 : 5698			
14	3492 : 28348	IGH : IGHVIII-25-1	<NA> : ENSG00000253367	5477 : 5697			
14	3492 : 28349	IGH : IGHVIII-22-2		5477 : 5696			
14	3492 : 28350	IGH : IGHVIII-16-1	<NA> : ENSG00000283948	5477 : 5694			
14	3492 : 28351	IGH : IGHVIII-13-1	<NA> : ENSG00000253412	5477 : 5693			
14	3492 : 28352	IGH : IGHVIII-11-1		5477 : 5692			
14	3492 : 28353	IGH : IGHVIII-5-2	<NA> : ENSG00000254053	5477 : 5703			
14	3492 : 28354	IGH : IGHVIII-5-1	<NA> : ENSG00000253387	5477 : 5702			
14	3492 : 28355	IGH : IGHVIII-2-1	<NA> : ENSG00000253780	5477 : 5695			
14	3492 : 28356	IGH : IGHVII-78-1	<NA> : ENSG00000253674	5477 : 5691			
14	3492 : 28357	IGH : IGHVII-74-1		5477 : 5690			
14	3492 : 28358	IGH : IGHVII-67-1		5477 : 5689			
14	3492 : 28359	IGH : IGHVII-65-1	<NA> : ENSG00000253169	5477 : 5688			
14	3492 : 28360	IGH : IGHVII-62-1	<NA> : ENSG00000253747	5477 : 5687			
14	3492 : 28361	IGH : IGHVII-60-1	<NA> : ENSG00000254329	5477 : 5686			
14	3492 : 28362	IGH : IGHVII-53-1	<NA> : ENSG00000253714	5477 : 5685			
14	3492 : 28363	IGH : IGHVII-51-2	<NA> : ENSG00000253941	5477 : 5684			
14	3492 : 28364	IGH : IGHVII-49-1	<NA> : ENSG00000253386	5477 : 5683			
14	3492 : 28365	IGH : IGHVII-46-1		5477 : 5682			
14	3492 : 28366	IGH : IGHVII-44-2	<NA> : ENSG00000253895	5477 : 5681			
14	3492 : 28367	IGH : IGHVII-43-1	<NA> : ENSG00000283195	5477 : 5680			
14	3492 : 28368	IGH : IGHVII-40-1		5477 : 5679			
14	3492 : 28369	IGH : IGHVII-33-1	<NA> : ENSG00000254203	5477 : 5678			
14	3492 : 28370	IGH : IGHVII-31-1		5477 : 5677			
14	3492 : 28371	IGH : IGHVII-30-1	<NA> : ENSG00000253491	5477 : 5676			
14	3492 : 28372	IGH : IGHVII-28-1	<NA> : ENSG00000253149	5477 : 5675			
14	3492 : 28373	IGH : IGHVII-26-2	<NA> : ENSG00000253482	5477 : 5674			
14	3492 : 28374	IGH : IGHVII-22-1	<NA> : ENSG00000253345	5477 : 5673			
14	3492 : 28375	IGH : IGHVII-20-1		5477 : 5672			
14	3492 : 28376	IGH : IGHVII-15-1	<NA> : ENSG00000253458	5477 : 5671			
14	3492 : 28377	IGH : IGHVII-1-1		5477 : 5670			
14	3492 : 28378	IGH : IGHV7-81	<NA> : ENSG00000211979	5477 : 5669			
14	3492 : 28380	IGH : IGHV7-56	<NA> : ENSG00000253131	5477 : 5667			
14	3492 : 28381	IGH : IGHV7-40		5477 : 5666			
14	3492 : 28382	IGH : IGHV7-34-1	<NA> : ENSG00000253325	5477 : 5664			
14	3492 : 28383	IGH : IGHV7-27	<NA> : ENSG00000254326	5477 : 5663			
14	3492 : 28385	IGH : IGHV6-1	<NA> : ENSG00000211933	5477 : 5662			
14	3492 : 28386	IGH : IGHV5-10-1		5477 : 5661			
14	3492 : 28387	IGH : IGHV5-78	<NA> : ENSG00000211978	5477 : 5660			
14	3492 : 28388	IGH : IGHV5-51	<NA> : ENSG00000211966	5477 : 5659			
14	3492 : 28389	IGH : IGHV4-38-2		5477 : 5657			
14	3492 : 28390	IGH : IGHV4-80	<NA> : ENSG00000283906	5477 : 5656			
14	3492 : 28391	IGH : IGHV4-61	<NA> : ENSG00000211970	5477 : 5655			
14	3492 : 28392	IGH : IGHV4-59	<NA> : ENSG00000224373	5477 : 5654			
14	3492 : 28393	IGH : IGHV4-55	<NA> : ENSG00000254395	5477 : 5653			
14	3492 : 28394	IGH : IGHV4-39	<NA> : ENSG00000211959	5477 : 5651			
14	3492 : 28395	IGH : IGHV4-34	<NA> : ENSG00000211956	5477 : 5650			
14	3492 : 28396	IGH : IGHV4-31		5477 : 5649			
14	3492 : 28397	IGH : IGHV4-30-4		5477 : 5648			
14	3492 : 28398	IGH : IGHV4-30-2	<NA> : ENSG00000231475	5477 : 5647			
14	3492 : 28399	IGH : IGHV4-30-1		5477 : 5646			
14	3492 : 28400	IGH : IGHV4-28	<NA> : ENSG00000211952	5477 : 5645			
14	3492 : 28401	IGH : IGHV4-4	<NA> : ENSG00000276775	5477 : 5652			
14	3492 : 28402	IGH : IGHV3-69-1	<NA> : ENSG00000282600	5477 : 5631			
14	3492 : 28404	IGH : IGHV3-38-3		5477 : 5629			
14	3492 : 28405	IGH : IGHV3-79	<NA> : ENSG00000275747	5477 : 5627			
14	3492 : 28406	IGH : IGHV3-76	<NA> : ENSG00000253247	5477 : 5626			
14	3492 : 28407	IGH : IGHV3-75	<NA> : ENSG00000254176	5477 : 5625			
14	3492 : 28408	IGH : IGHV3-74	<NA> : ENSG00000224650	5477 : 5624			
14	3492 : 28409	IGH : IGHV3-73	<NA> : ENSG00000211976	5477 : 5623			
14	3492 : 28410	IGH : IGHV3-72	<NA> : ENSG00000225698	5477 : 5622			
14	3492 : 28411	IGH : IGHV3-71	<NA> : ENSG00000254056	5477 : 5621			
14	3492 : 28412	IGH : IGHV3-66	<NA> : ENSG00000211972	5477 : 5619			
14	3492 : 28413	IGH : IGHV3-65	<NA> : ENSG00000253209	5477 : 5618			
14	3492 : 28414	IGH : IGHV3-64	<NA> : ENSG00000223648	5477 : 5617			
14	3492 : 28415	IGH : IGHV3-63	<NA> : ENSG00000253936	5477 : 5616			
14	3492 : 28416	IGH : IGHV3-62	<NA> : ENSG00000253132	5477 : 5615			
14	3492 : 28417	IGH : IGHV3-60	<NA> : ENSG00000253742	5477 : 5614			
14	3492 : 28418	IGH : IGHV3-57	<NA> : ENSG00000253759	5477 : 5612			
14	3492 : 28419	IGH : IGHV3-54	<NA> : ENSG00000275475	5477 : 5611			
14	3492 : 28420	IGH : IGHV3-53	<NA> : ENSG00000211967	5477 : 5610			
14	3492 : 28421	IGH : IGHV3-52	<NA> : ENSG00000253545	5477 : 5609			
14	3492 : 28422	IGH : IGHV3-50	<NA> : ENSG00000253241	5477 : 5608			
14	3492 : 28423	IGH : IGHV3-49	<NA> : ENSG00000211965	5477 : 5607			
14	3492 : 28424	IGH : IGHV3-48	<NA> : ENSG00000211964	5477 : 5606			
14	3492 : 28425	IGH : IGHV3-47		5477 : 5605			
14	3492 : 28426	IGH : IGHV3-43	<NA> : ENSG00000232216	5477 : 5604			
14	3492 : 28427	IGH : IGHV3-42	<NA> : ENSG00000254228	5477 : 5603			
14	3492 : 28428	IGH : IGHV3-41	<NA> : ENSG00000278473	5477 : 5602			
14	3492 : 28429	IGH : IGHV3-38	<NA> : ENSG00000211958	5477 : 5601			
14	3492 : 28430	IGH : IGHV3-37	<NA> : ENSG00000253359	5477 : 5600			
14	3492 : 28431	IGH : IGHV3-36	<NA> : ENSG00000253240	5477 : 5599			
14	3492 : 28432	IGH : IGHV3-35	<NA> : ENSG00000211957	5477 : 5598			
14	3492 : 28433	IGH : IGHV3-33-2	<NA> : ENSG00000253440	5477 : 5597			
14	3492 : 28434	IGH : IGHV3-33	<NA> : ENSG00000211955	5477 : 5596			
14	3492 : 28435	IGH : IGHV3-32	<NA> : ENSG00000270474	5477 : 5595			
14	3492 : 28438	IGH : IGHV3-30-2	<NA> : ENSG00000253587	5477 : 5592			
14	3492 : 28439	IGH : IGHV3-30	<NA> : ENSG00000270550	5477 : 5591			
14	3492 : 28440	IGH : IGHV3-29	<NA> : ENSG00000254289	5477 : 5590			
14	3492 : 28441	IGH : IGHV3-25	<NA> : ENSG00000253441	5477 : 5589			
14	3492 : 28442	IGH : IGHV3-23	<NA> : ENSG00000211949	5477 : 5588	146910 : 611939		
14	3492 : 28443	IGH : IGHV3-22	<NA> : ENSG00000253957	5477 : 5587			
14	3492 : 28444	IGH : IGHV3-21	<NA> : ENSG00000211947	5477 : 5586			
14	3492 : 28445	IGH : IGHV3-20	<NA> : ENSG00000211946	5477 : 5585			
14	3492 : 28446	IGH : IGHV3-19	<NA> : ENSG00000253883	5477 : 5584			
14	3492 : 28447	IGH : IGHV3-16	<NA> : ENSG00000211944	5477 : 5583			
14	3492 : 28448	IGH : IGHV3-15	<NA> : ENSG00000211943	5477 : 5582			
14	3492 : 28449	IGH : IGHV3-13	<NA> : ENSG00000211942	5477 : 5581			
14	3492 : 28450	IGH : IGHV3-11	<NA> : ENSG00000211941	5477 : 5580			
14	3492 : 28451	IGH : IGHV3-9		5477 : 5628			
14	3492 : 28452	IGH : IGHV3-7	<NA> : ENSG00000211938	5477 : 5620			
14	3492 : 28453	IGH : IGHV3-6	<NA> : ENSG00000253763	5477 : 5613			
14	3492 : 28454	IGH : IGHV2-70	<NA> : ENSG00000274576	5477 : 5577			
14	3492 : 28455	IGH : IGHV2-26	<NA> : ENSG00000211951	5477 : 5575			
14	3492 : 28456	IGH : IGHV2-10		5477 : 5574			
14	3492 : 28457	IGH : IGHV2-5	<NA> : ENSG00000211937	5477 : 5576			
14	3492 : 28458	IGH : IGHV1-69-2	<NA> : ENSG00000281990	5477 : 5562			
14	3492 : 28460	IGH : IGHV1-38-4		5477 : 5560			
14	3492 : 28461	IGH : IGHV1-69	<NA> : ENSG00000211973	5477 : 5558			
14	3492 : 28462	IGH : IGHV1-68	<NA> : ENSG00000253703	5477 : 5557			
14	3492 : 28463	IGH : IGHV1-67	<NA> : ENSG00000253274	5477 : 5556			
14	3492 : 28464	IGH : IGHV1-58	<NA> : ENSG00000211968	5477 : 5555			
14	3492 : 28465	IGH : IGHV1-46	<NA> : ENSG00000211962	5477 : 5554			
14	3492 : 28466	IGH : IGHV1-45	<NA> : ENSG00000211961	5477 : 5553			
14	3492 : 28467	IGH : IGHV1-24	<NA> : ENSG00000211950	5477 : 5551			
14	3492 : 28468	IGH : IGHV1-18	<NA> : ENSG00000211945	5477 : 5549			
14	3492 : 28469	IGH : IGHV1-17	<NA> : ENSG00000254046	5477 : 5548			
14	3492 : 28470	IGH : IGHV1-14	<NA> : ENSG00000253709	5477 : 5547			
14	3492 : 28471	IGH : IGHV1-12	<NA> : ENSG00000254174	5477 : 5546			
14	3492 : 28472	IGH : IGHV1-8		5477 : 5559			
14	3492 : 28473	IGH : IGHV1-3	<NA> : ENSG00000211935	5477 : 5552			
14	3492 : 28474	IGH : IGHV1-2	<NA> : ENSG00000211934	5477 : 5550			
14	3492 : 28475	IGH : IGHJ6	<NA> : ENSG00000211900	5477 : 5540			
14	3492 : 28476	IGH : IGHJ5	<NA> : ENSG00000242472	5477 : 5539			
14	3492 : 28477	IGH : IGHJ4	<NA> : ENSG00000240041	5477 : 5538			
14	3492 : 28478	IGH : IGHJ3P	<NA> : ENSG00000237111	5477 : 5537			
14	3492 : 28479	IGH : IGHJ3	<NA> : ENSG00000242887	5477 : 5536			
14	3492 : 28480	IGH : IGHJ2P	<NA> : ENSG00000237547	5477 : 5535			
14	3492 : 28481	IGH : IGHJ2	<NA> : ENSG00000211904	5477 : 5534			
14	3492 : 28482	IGH : IGHJ1P	<NA> : ENSG00000227335	5477 : 5533			
14	3492 : 28483	IGH : IGHJ1	<NA> : ENSG00000211905	5477 : 5532			
14	3492 : 28484	IGH : IGHD7-27	<NA> : ENSG00000236597	5477 : 5518			
14	3492 : 28485	IGH : IGHD6-25	<NA> : ENSG00000225825	5477 : 5516			
14	3492 : 28486	IGH : IGHD6-19	<NA> : ENSG00000211914	5477 : 5515			
14	3492 : 28487	IGH : IGHD6-13	<NA> : ENSG00000211920	5477 : 5514			
14	3492 : 28488	IGH : IGHD6-6	<NA> : ENSG00000228131	5477 : 5517			
14	3492 : 28489	IGH : IGHD5-24	<NA> : ENSG00000211909	5477 : 5510			
14	3492 : 28490	IGH : IGHD5-18	<NA> : ENSG00000211915	5477 : 5509			
14	3492 : 28491	IGH : IGHD5-12	<NA> : ENSG00000211921	5477 : 5508			
14	3492 : 28492	IGH : IGHD5-5	<NA> : ENSG00000211928	5477 : 5511			
14	3492 : 28493	IGH : IGHD4-23	<NA> : ENSG00000227196	5477 : 5504			
14	3492 : 28494	IGH : IGHD4-17	<NA> : ENSG00000227800	5477 : 5503			
14	3492 : 28495	IGH : IGHD4-11	<NA> : ENSG00000232543	5477 : 5502			
14	3492 : 28496	IGH : IGHD4-4	<NA> : ENSG00000233655	5477 : 5505			
14	3492 : 28497	IGH : IGHD3-22	<NA> : ENSG00000211911	5477 : 5497			
14	3492 : 28498	IGH : IGHD3-16	<NA> : ENSG00000211917	5477 : 5496			
14	3492 : 28499	IGH : IGHD3-10	<NA> : ENSG00000211923	5477 : 5495			
14	3492 : 28500	IGH : IGHD3-9	<NA> : ENSG00000211924	5477 : 5499			
14	3492 : 28501	IGH : IGHD3-3	<NA> : ENSG00000211930	5477 : 5498	146910 : 611937		
14	3492 : 28502	IGH : IGHD2-21	<NA> : ENSG00000211912	5477 : 5491			
14	3492 : 28503	IGH : IGHD2-15	<NA> : ENSG00000211918	5477 : 5489			
14	3492 : 28504	IGH : IGHD2-8	<NA> : ENSG00000211925	5477 : 5492			
14	3492 : 28505	IGH : IGHD2-2	<NA> : ENSG00000211931	5477 : 5490			
14	3492 : 28506	IGH : IGHD1-26	<NA> : ENSG00000211907	5477 : 5485			
14	3492 : 28507	IGH : IGHD1-20	<NA> : ENSG00000237020	5477 : 5484			
14	3492 : 28508	IGH : IGHD1-14	<NA> : ENSG00000227108	5477 : 5483			
14	3492 : 28509	IGH : IGHD1-7	<NA> : ENSG00000237197	5477 : 5486			
14	3492 : 28510	IGH : IGHD1-1	<NA> : ENSG00000236170	5477 : 5482			
14	3492 : 3493	IGH : IGHA1	<NA> : ENSG00000211895	5477 : 5478	146910 : 146900		
14	3492 : 3494	IGH : IGHA2	<NA> : ENSG00000211890	5477 : 5479	146910 : 147000		
14	3492 : 3495	IGH : IGHD	<NA> : ENSG00000211898	5477 : 5480	146910 : 147170		
14	3492 : 3497	IGH : IGHE	<NA> : ENSG00000211891	5477 : 5522	146910 : 147180		
14	3492 : 3498	IGH : IGHEP1	<NA> : ENSG00000253692	5477 : 5523			
14	3492 : 3500	IGH : IGHG1	<NA> : ENSG00000211896	5477 : 5525	146910 : 147100		
14	3492 : 3501	IGH : IGHG2	<NA> : ENSG00000211893	5477 : 5526	146910 : 147110		
14	3492 : 3502	IGH : IGHG3	<NA> : ENSG00000211897	5477 : 5527	146910 : 147120		
14	3492 : 3503	IGH : IGHG4	<NA> : ENSG00000211892	5477 : 5528	146910 : 147130		
14	3492 : 3505	IGH : IGHGP		5477 : 5529			
14	3492 : 3507	IGH : IGHM	<NA> : ENSG00000211899	5477 : 5541	146910 : 147020		
14	3492 : 57289	IGH : IGHV7-4-1	<NA> : ENSG00000282122	5477 : 5665			
14	3492 : 57290	IGH : IGHV3-30-3		5477 : 5593			
14	3492 : 89770	IGH : IGHV3-30-5		5477 : 5594			
22	3535 : 100423062	IGL : IGLL5	<NA> : ENSG00000254709	5853 : 38476		<NA> : B9A064	<NA> : IGLL5
22	3535 : 28757	IGL : IGLVV-66	<NA> : ENSG00000254075	5853 : 5946			
22	3535 : 28758	IGL : IGLVV-58	<NA> : ENSG00000253637	5853 : 5945			
22	3535 : 28759	IGL : IGLVIV-65	<NA> : ENSG00000254161	5853 : 5944			
22	3535 : 28760	IGL : IGLVIV-64		5853 : 5943			
22	3535 : 28761	IGL : IGLVIV-59		5853 : 5942			
22	3535 : 28762	IGL : IGLVIV-53	<NA> : ENSG00000253935	5853 : 5941			
22	3535 : 28763	IGL : IGLVI-70	<NA> : ENSG00000253239	5853 : 5940			
22	3535 : 28764	IGL : IGLVI-68	<NA> : ENSG00000254355	5853 : 5939			
22	3535 : 28765	IGL : IGLVI-63	<NA> : ENSG00000253752	5853 : 5938			
22	3535 : 28766	IGL : IGLVI-56		5853 : 5937			
22	3535 : 28767	IGL : IGLVI-42	<NA> : ENSG00000254175	5853 : 5936			
22	3535 : 28768	IGL : IGLVI-38		5853 : 5935			
22	3535 : 28769	IGL : IGLVI-20		5853 : 5934			
22	3535 : 28770	IGL : IGLV11-55	<NA> : ENSG00000211641	5853 : 5886			
22	3535 : 28771	IGL : IGLV10-67		5853 : 5885			
22	3535 : 28772	IGL : IGLV10-54	<NA> : ENSG00000211642	5853 : 5884			
22	3535 : 28773	IGL : IGLV9-49	<NA> : ENSG00000223350	5853 : 5933			
22	3535 : 28774	IGL : IGLV8-61	<NA> : ENSG00000211638	5853 : 5931			
22	3535 : 28775	IGL : IGLV7-46	<NA> : ENSG00000211649	5853 : 5930			
22	3535 : 28776	IGL : IGLV7-43	<NA> : ENSG00000211652	5853 : 5929			
22	3535 : 28777	IGL : IGLV7-35		5853 : 5928			
22	3535 : 28778	IGL : IGLV6-57	<NA> : ENSG00000211640	5853 : 5927			
22	3535 : 28779	IGL : IGLV5-52		5853 : 5926			
22	3535 : 28780	IGL : IGLV5-48	<NA> : ENSG00000211647	5853 : 5925			
22	3535 : 28781	IGL : IGLV5-45	<NA> : ENSG00000211650	5853 : 5924			
22	3535 : 28783	IGL : IGLV5-37	<NA> : ENSG00000211654	5853 : 5922			
22	3535 : 28784	IGL : IGLV4-69	<NA> : ENSG00000211637	5853 : 5921			
22	3535 : 28785	IGL : IGLV4-60	<NA> : ENSG00000211639	5853 : 5920			
22	3535 : 28786	IGL : IGLV4-3	<NA> : ENSG00000211672	5853 : 5919			
22	3535 : 28787	IGL : IGLV3-32	<NA> : ENSG00000211657	5853 : 5914			
22	3535 : 28788	IGL : IGLV3-31		5853 : 5913			
22	3535 : 28789	IGL : IGLV3-30		5853 : 5912			
22	3535 : 28790	IGL : IGLV3-29		5853 : 5911			
22	3535 : 28791	IGL : IGLV3-27	<NA> : ENSG00000211658	5853 : 5910			
22	3535 : 28792	IGL : IGLV3-26		5853 : 5909			
22	3535 : 28793	IGL : IGLV3-25	<NA> : ENSG00000211659	5853 : 5908			
22	3535 : 28794	IGL : IGLV3-24		5853 : 5907			
22	3535 : 28795	IGL : IGLV3-22	<NA> : ENSG00000211661	5853 : 5906			
22	3535 : 28796	IGL : IGLV3-21	<NA> : ENSG00000211662	5853 : 5905			
22	3535 : 28797	IGL : IGLV3-19	<NA> : ENSG00000211663	5853 : 5903			
22	3535 : 28798	IGL : IGLV3-17	<NA> : ENSG00000253152	5853 : 5902			
22	3535 : 28799	IGL : IGLV3-16	<NA> : ENSG00000211665	5853 : 5901			
22	3535 : 28800	IGL : IGLV3-15	<NA> : ENSG00000253786	5853 : 5900			
22	3535 : 28801	IGL : IGLV3-13		5853 : 5899			
22	3535 : 28802	IGL : IGLV3-12	<NA> : ENSG00000211667	5853 : 5898			
22	3535 : 28803	IGL : IGLV3-10	<NA> : ENSG00000211669	5853 : 5897			
22	3535 : 28804	IGL : IGLV3-9	<NA> : ENSG00000211670	5853 : 5918			
22	3535 : 28805	IGL : IGLV3-7	<NA> : ENSG00000254077	5853 : 5917			
22	3535 : 28806	IGL : IGLV3-6	<NA> : ENSG00000253448	5853 : 5916			
22	3535 : 28807	IGL : IGLV3-4		5853 : 5915			
22	3535 : 28808	IGL : IGLV3-2		5853 : 5904			
22	3535 : 28809	IGL : IGLV3-1		5853 : 5896			
22	3535 : 28810	IGL : IGLV2-34		5853 : 5893			
22	3535 : 28811	IGL : IGLV2-33	<NA> : ENSG00000211656	5853 : 5892			
22	3535 : 28812	IGL : IGLV2-28	<NA> : ENSG00000253451	5853 : 5891			
22	3535 : 28813	IGL : IGLV2-23	<NA> : ENSG00000211660	5853 : 5890			
22	3535 : 28814	IGL : IGLV2-18	<NA> : ENSG00000211664	5853 : 5889			
22	3535 : 28815	IGL : IGLV2-14	<NA> : ENSG00000211666	5853 : 5888			
22	3535 : 28816	IGL : IGLV2-11	<NA> : ENSG00000211668	5853 : 5887			
22	3535 : 28817	IGL : IGLV2-8	<NA> : ENSG00000278196	5853 : 5895			
22	3535 : 28818	IGL : IGLV2-5		5853 : 5894			
22	3535 : 28819	IGL : IGLV1-62		5853 : 5883			
22	3535 : 28820	IGL : IGLV1-51	<NA> : ENSG00000211644	5853 : 5882			
22	3535 : 28821	IGL : IGLV1-50	<NA> : ENSG00000211645	5853 : 5881			
22	3535 : 28822	IGL : IGLV1-47	<NA> : ENSG00000211648	5853 : 5880			
22	3535 : 28823	IGL : IGLV1-44	<NA> : ENSG00000211651	5853 : 5879			
22	3535 : 28824	IGL : IGLV1-41	<NA> : ENSG00000253818	5853 : 5878			
22	3535 : 28825	IGL : IGLV1-40	<NA> : ENSG00000211653	5853 : 5877			
22	3535 : 28826	IGL : IGLV1-36	<NA> : ENSG00000211655	5853 : 5876			
22	3535 : 28827	IGL : IGLJ7	<NA> : ENSG00000211684	5853 : 5869			
22	3535 : 28828	IGL : IGLJ6		5853 : 5868			
22	3535 : 28829	IGL : IGLJ5		5853 : 5867			
22	3535 : 28830	IGL : IGLJ4	<NA> : ENSG00000211680	5853 : 5866			
22	3535 : 28831	IGL : IGLJ3		5853 : 5865			
22	3535 : 28832	IGL : IGLJ2		5853 : 5864			
22	3535 : 28833	IGL : IGLJ1		5853 : 5863			
22	3535 : 28834	IGL : IGLC7	<NA> : ENSG00000211685	5853 : 5861			
22	3535 : 3537	IGL : IGLC1	<NA> : ENSG00000211675	5853 : 5855	<NA> : 147220		
22	3535 : 3538	IGL : IGLC2	<NA> : ENSG00000211677	5853 : 5856			
22	3535 : 3539	IGL : IGLC3	<NA> : ENSG00000211679	5853 : 5857			
22	3535 : 3540	IGL : IGLC4	<NA> : ENSG00000254029	5853 : 5858			
22	3535 : 3541	IGL : IGLC5	<NA> : ENSG00000254030	5853 : 5859			
22	3535 : 3542	IGL : IGLC6	<NA> : ENSG00000222037	5853 : 5860			
22	3535 : 84089	IGL : IGLVVII-41-1		5853 : 15691			
22	3535 : 84090	IGL : IGLVVI-25-1		5853 : 15690			
22	3535 : 84091	IGL : IGLVVI-22-1		5853 : 15689			
22	3535 : 84097	IGL : IGLVIV-66-1		5853 : 15692			
14	6955 : 28640	TRA : TRAV41	<NA> : ENSG00000211820	12027 : 12142			
14	6955 : 28641	TRA : TRAV40	<NA> : ENSG00000211819	12027 : 12141			
14	6955 : 28642	TRA : TRAV39	<NA> : ENSG00000211818	12027 : 12139			
14	6955 : 28643	TRA : TRAV38-2DV8	<NA> : ENSG00000211817	12027 : 12138			
14	6955 : 28644	TRA : TRAV38-1	<NA> : ENSG00000211816	12027 : 12137			
14	6955 : 28645	TRA : TRAV37		12027 : 12136			
14	6955 : 28646	TRA : TRAV36DV7	<NA> : ENSG00000211815	12027 : 12135			
14	6955 : 28647	TRA : TRAV35	<NA> : ENSG00000211814	12027 : 12134			
14	6955 : 28648	TRA : TRAV34	<NA> : ENSG00000211813	12027 : 12133			
14	6955 : 28649	TRA : TRAV33	<NA> : ENSG00000258812	12027 : 12132			
14	6955 : 28650	TRA : TRAV32	<NA> : ENSG00000258905	12027 : 12131			
14	6955 : 28651	TRA : TRAV31	<NA> : ENSG00000249048	12027 : 12130			
14	6955 : 28652	TRA : TRAV30	<NA> : ENSG00000259092	12027 : 12129			
14	6955 : 28653	TRA : TRAV29DV5	<NA> : ENSG00000211810	12027 : 12127			
14	6955 : 28654	TRA : TRAV28	<NA> : ENSG00000258835	12027 : 12126			
14	6955 : 28655	TRA : TRAV27	<NA> : ENSG00000211809	12027 : 12125			
14	6955 : 28656	TRA : TRAV26-2	<NA> : ENSG00000211812	12027 : 12124			
14	6955 : 28657	TRA : TRAV26-1	<NA> : ENSG00000211807	12027 : 12123			
14	6955 : 28658	TRA : TRAV25	<NA> : ENSG00000211806	12027 : 12122			
14	6955 : 28659	TRA : TRAV24	<NA> : ENSG00000211805	12027 : 12121			
14	6955 : 28660	TRA : TRAV23DV6	<NA> : ENSG00000211803	12027 : 12120			
14	6955 : 28661	TRA : TRAV22	<NA> : ENSG00000211802	12027 : 12119			
14	6955 : 28662	TRA : TRAV21	<NA> : ENSG00000211801	12027 : 12118			
14	6955 : 28663	TRA : TRAV20	<NA> : ENSG00000211800	12027 : 12117			
14	6955 : 28664	TRA : TRAV19	<NA> : ENSG00000211799	12027 : 12115			
14	6955 : 28665	TRA : TRAV18	<NA> : ENSG00000211798	12027 : 12114			
14	6955 : 28666	TRA : TRAV17	<NA> : ENSG00000211797	12027 : 12113			
14	6955 : 28667	TRA : TRAV16	<NA> : ENSG00000211796	12027 : 12112			
14	6955 : 28668	TRA : TRAV15		12027 : 12111			
14	6955 : 28669	TRA : TRAV14DV4	<NA> : ENSG00000211792	12027 : 12110			
14	6955 : 28670	TRA : TRAV13-2	<NA> : ENSG00000211791	12027 : 12109			
14	6955 : 28671	TRA : TRAV13-1	<NA> : ENSG00000211788	12027 : 12108			
14	6955 : 28672	TRA : TRAV12-3	<NA> : ENSG00000211794	12027 : 12107			
14	6955 : 28673	TRA : TRAV12-2	<NA> : ENSG00000211789	12027 : 12106			
14	6955 : 28674	TRA : TRAV12-1	<NA> : ENSG00000211785	12027 : 12105			
14	6955 : 28675	TRA : TRAV11	<NA> : ENSG00000256474	12027 : 12104			
14	6955 : 28676	TRA : TRAV10	<NA> : ENSG00000211784	12027 : 12103			
14	6955 : 28677	TRA : TRAV9-2	<NA> : ENSG00000211793	12027 : 12154			
14	6955 : 28678	TRA : TRAV9-1	<NA> : ENSG00000211783	12027 : 12153			
14	6955 : 28679	TRA : TRAV8-7		12027 : 12152			
14	6955 : 28680	TRA : TRAV8-6	<NA> : ENSG00000211795	12027 : 12151			
14	6955 : 28681	TRA : TRAV8-5		12027 : 12150			
14	6955 : 28682	TRA : TRAV8-4	<NA> : ENSG00000211790	12027 : 12149			
14	6955 : 28683	TRA : TRAV8-3	<NA> : ENSG00000211787	12027 : 12148			
14	6955 : 28684	TRA : TRAV8-2	<NA> : ENSG00000211786	12027 : 12147			
14	6955 : 28685	TRA : TRAV8-1	<NA> : ENSG00000211782	12027 : 12146			
14	6955 : 28686	TRA : TRAV7	<NA> : ENSG00000211781	12027 : 12145			
14	6955 : 28688	TRA : TRAV5	<NA> : ENSG00000211779	12027 : 12143			
14	6955 : 28689	TRA : TRAV4	<NA> : ENSG00000211778	12027 : 12140			
14	6955 : 28690	TRA : TRAV3	<NA> : ENSG00000211777	12027 : 12128			
14	6955 : 28691	TRA : TRAV2	<NA> : ENSG00000211776	12027 : 12116			
14	6955 : 28692	TRA : TRAV1-2	<NA> : ENSG00000256553	12027 : 12102			
14	6955 : 28693	TRA : TRAV1-1	<NA> : ENSG00000255569	12027 : 12101			
14	6955 : 28694	TRA : TRAJ61	<NA> : ENSG00000211831	12027 : 12094			
14	6955 : 28695	TRA : TRAJ60	<NA> : ENSG00000249446	12027 : 12093			
14	6955 : 28696	TRA : TRAJ59	<NA> : ENSG00000211832	12027 : 12091			
14	6955 : 28697	TRA : TRAJ58	<NA> : ENSG00000211833	12027 : 12090			
14	6955 : 28698	TRA : TRAJ57	<NA> : ENSG00000211834	12027 : 12089			
14	6955 : 28699	TRA : TRAJ56	<NA> : ENSG00000211835	12027 : 12088			
14	6955 : 28700	TRA : TRAJ55	<NA> : ENSG00000250688	12027 : 12087			
14	6955 : 28701	TRA : TRAJ54	<NA> : ENSG00000211836	12027 : 12086			
14	6955 : 28702	TRA : TRAJ53	<NA> : ENSG00000211837	12027 : 12085			
14	6955 : 28703	TRA : TRAJ52	<NA> : ENSG00000211838	12027 : 12084			
14	6955 : 28704	TRA : TRAJ51	<NA> : ENSG00000248366	12027 : 12083			
14	6955 : 28705	TRA : TRAJ50	<NA> : ENSG00000211839	12027 : 12082			
14	6955 : 28706	TRA : TRAJ49	<NA> : ENSG00000211840	12027 : 12080			
14	6955 : 28707	TRA : TRAJ48	<NA> : ENSG00000211841	12027 : 12079			
14	6955 : 28708	TRA : TRAJ47	<NA> : ENSG00000211842	12027 : 12078			
14	6955 : 28709	TRA : TRAJ46	<NA> : ENSG00000211843	12027 : 12077			
14	6955 : 28710	TRA : TRAJ45	<NA> : ENSG00000211844	12027 : 12076			
14	6955 : 28711	TRA : TRAJ44	<NA> : ENSG00000211845	12027 : 12075			
14	6955 : 28712	TRA : TRAJ43	<NA> : ENSG00000211846	12027 : 12074			
14	6955 : 28713	TRA : TRAJ42	<NA> : ENSG00000211847	12027 : 12073			
14	6955 : 28714	TRA : TRAJ41	<NA> : ENSG00000211848	12027 : 12072			
14	6955 : 28715	TRA : TRAJ40	<NA> : ENSG00000211849	12027 : 12071			
14	6955 : 28716	TRA : TRAJ39	<NA> : ENSG00000211850	12027 : 12069			
14	6955 : 28717	TRA : TRAJ38	<NA> : ENSG00000211851	12027 : 12068			
14	6955 : 28718	TRA : TRAJ37	<NA> : ENSG00000278661	12027 : 12067			
14	6955 : 28719	TRA : TRAJ36	<NA> : ENSG00000276699	12027 : 12066			
14	6955 : 28720	TRA : TRAJ35	<NA> : ENSG00000211854	12027 : 12065			
14	6955 : 28721	TRA : TRAJ34	<NA> : ENSG00000211855	12027 : 12064			
14	6955 : 28722	TRA : TRAJ33	<NA> : ENSG00000211856	12027 : 12063			
14	6955 : 28723	TRA : TRAJ32	<NA> : ENSG00000211857	12027 : 12062			
14	6955 : 28724	TRA : TRAJ31	<NA> : ENSG00000211858	12027 : 12061			
14	6955 : 28725	TRA : TRAJ30	<NA> : ENSG00000211859	12027 : 12060			
14	6955 : 28726	TRA : TRAJ29	<NA> : ENSG00000211860	12027 : 12058			
14	6955 : 28727	TRA : TRAJ28	<NA> : ENSG00000211861	12027 : 12057			
14	6955 : 28728	TRA : TRAJ27	<NA> : ENSG00000211862	12027 : 12056			
14	6955 : 28729	TRA : TRAJ26	<NA> : ENSG00000211863	12027 : 12055			
14	6955 : 28730	TRA : TRAJ25	<NA> : ENSG00000211864	12027 : 12054			
14	6955 : 28731	TRA : TRAJ24	<NA> : ENSG00000211865	12027 : 12053			
14	6955 : 28732	TRA : TRAJ23	<NA> : ENSG00000211866	12027 : 12052			
14	6955 : 28733	TRA : TRAJ22	<NA> : ENSG00000211867	12027 : 12051			
14	6955 : 28734	TRA : TRAJ21	<NA> : ENSG00000211868	12027 : 12050			
14	6955 : 28735	TRA : TRAJ20	<NA> : ENSG00000211869	12027 : 12049			
14	6955 : 28736	TRA : TRAJ19	<NA> : ENSG00000211870	12027 : 12047			
14	6955 : 28737	TRA : TRAJ18	<NA> : ENSG00000211871	12027 : 12046			
14	6955 : 28738	TRA : TRAJ17	<NA> : ENSG00000211872	12027 : 12045			
14	6955 : 28739	TRA : TRAJ16	<NA> : ENSG00000211873	12027 : 12044			
14	6955 : 28740	TRA : TRAJ15		12027 : 12043			
14	6955 : 28741	TRA : TRAJ14	<NA> : ENSG00000211875	12027 : 12042			
14	6955 : 28742	TRA : TRAJ13	<NA> : ENSG00000211876	12027 : 12041			
14	6955 : 28743	TRA : TRAJ12	<NA> : ENSG00000211877	12027 : 12040			
14	6955 : 28744	TRA : TRAJ11	<NA> : ENSG00000211878	12027 : 12039			
14	6955 : 28745	TRA : TRAJ10	<NA> : ENSG00000211879	12027 : 12038			
14	6955 : 28746	TRA : TRAJ9	<NA> : ENSG00000211880	12027 : 12097			
14	6955 : 28747	TRA : TRAJ8	<NA> : ENSG00000211881	12027 : 12096			
14	6955 : 28748	TRA : TRAJ7	<NA> : ENSG00000211882	12027 : 12095			
14	6955 : 28749	TRA : TRAJ6	<NA> : ENSG00000211883	12027 : 12092			
14	6955 : 28750	TRA : TRAJ5	<NA> : ENSG00000211884	12027 : 12081			
14	6955 : 28751	TRA : TRAJ4	<NA> : ENSG00000211885	12027 : 12070			
14	6955 : 28752	TRA : TRAJ3	<NA> : ENSG00000211886	12027 : 12059			
14	6955 : 28753	TRA : TRAJ2	<NA> : ENSG00000211887	12027 : 12048			
14	6955 : 28754	TRA : TRAJ1	<NA> : ENSG00000211888	12027 : 12037			
14	6955 : 28755	TRA : TRAC	<NA> : ENSG00000277734	12027 : 12029	<NA> : 186880		
14	6955 : 6956	TRA : TRAV6	<NA> : ENSG00000211780	12027 : 12144			
7	6957 : 28555	TRB : TRBVB	<NA> : ENSG00000241911	12155 : 12248			
7	6957 : 28556	TRB : TRBVA	<NA> : ENSG00000239992	12155 : 12247			
7	6957 : 28557	TRB : TRBV30	<NA> : ENSG00000237254	12155 : 12214			
7	6957 : 28558	TRB : TRBV29-1	<NA> : ENSG00000232869	12155 : 12210			
7	6957 : 28559	TRB : TRBV28	<NA> : ENSG00000211753	12155 : 12209			
7	6957 : 28560	TRB : TRBV27	<NA> : ENSG00000211752	12155 : 12208			
7	6957 : 28561	TRB : TRBV26	<NA> : ENSG00000249912	12155 : 12207			
7	6957 : 28562	TRB : TRBV25-1	<NA> : ENSG00000282499	12155 : 12205			
7	6957 : 28563	TRB : TRBV24-1	<NA> : ENSG00000211750	12155 : 12203			
7	6957 : 28564	TRB : TRBV23-1	<NA> : ENSG00000211749	12155 : 12201			
7	6957 : 28565	TRB : TRBV22-1	<NA> : ENSG00000240578	12155 : 12200			
7	6957 : 28566	TRB : TRBV21-1	<NA> : ENSG00000251578	12155 : 12198			
7	6957 : 28567	TRB : TRBV20-1	<NA> : ENSG00000211747	12155 : 12196			
7	6957 : 28568	TRB : TRBV19	<NA> : ENSG00000211746	12155 : 12194			
7	6957 : 28569	TRB : TRBV18	<NA> : ENSG00000276557	12155 : 12193			
7	6957 : 28570	TRB : TRBV17	<NA> : ENSG00000277880	12155 : 12192			
7	6957 : 28571	TRB : TRBV16	<NA> : ENSG00000275243	12155 : 12191			
7	6957 : 28572	TRB : TRBV15	<NA> : ENSG00000276819	12155 : 12190			
7	6957 : 28573	TRB : TRBV14	<NA> : ENSG00000275743	12155 : 12189			
7	6957 : 28574	TRB : TRBV13	<NA> : ENSG00000276405	12155 : 12188			
7	6957 : 28575	TRB : TRBV12-5	<NA> : ENSG00000275158	12155 : 12187			
7	6957 : 28576	TRB : TRBV12-4	<NA> : ENSG00000276953	12155 : 12186			
7	6957 : 28577	TRB : TRBV12-3	<NA> : ENSG00000274752	12155 : 12185			
7	6957 : 28578	TRB : TRBV12-2	<NA> : ENSG00000211739	12155 : 12184			
7	6957 : 28579	TRB : TRBV12-1	<NA> : ENSG00000244661	12155 : 12183			
7	6957 : 28580	TRB : TRBV11-3	<NA> : ENSG00000276597	12155 : 12182			
7	6957 : 28581	TRB : TRBV11-2	<NA> : ENSG00000241657	12155 : 12181			
7	6957 : 28582	TRB : TRBV11-1	<NA> : ENSG00000211720	12155 : 12180			
7	6957 : 28583	TRB : TRBV10-3	<NA> : ENSG00000275791	12155 : 12179			
7	6957 : 28584	TRB : TRBV10-2	<NA> : ENSG00000229769	12155 : 12178			
7	6957 : 28585	TRB : TRBV10-1	<NA> : ENSG00000211717	12155 : 12177			
7	6957 : 28586	TRB : TRBV9	<NA> : ENSG00000211716	12155 : 12246			
7	6957 : 28587	TRB : TRBV8-2		12155 : 12245			
7	6957 : 28588	TRB : TRBV8-1	<NA> : ENSG00000243889	12155 : 12244			
7	6957 : 28589	TRB : TRBV7-9	<NA> : ENSG00000278030	12155 : 12243			
7	6957 : 28590	TRB : TRBV7-8		12155 : 12242			
7	6957 : 28591	TRB : TRBV7-7	<NA> : ENSG00000253291	12155 : 12241			
7	6957 : 28592	TRB : TRBV7-6	<NA> : ENSG00000211727	12155 : 12240			
7	6957 : 28593	TRB : TRBV7-5	<NA> : ENSG00000227550	12155 : 12239			
7	6957 : 28594	TRB : TRBV7-4	<NA> : ENSG00000253409	12155 : 12238			
7	6957 : 28595	TRB : TRBV7-3	<NA> : ENSG00000211714	12155 : 12237			
7	6957 : 28596	TRB : TRBV7-2	<NA> : ENSG00000282939	12155 : 12236			
7	6957 : 28597	TRB : TRBV7-1	<NA> : ENSG00000211707	12155 : 12235			
7	6957 : 28598	TRB : TRBV6-9		12155 : 12234			
7	6957 : 28599	TRB : TRBV6-8	<NA> : ENSG00000253534	12155 : 12233			
7	6957 : 28600	TRB : TRBV6-7	<NA> : ENSG00000253188	12155 : 12232			
7	6957 : 28601	TRB : TRBV6-6	<NA> : ENSG00000211724	12155 : 12231			
7	6957 : 28602	TRB : TRBV6-5	<NA> : ENSG00000211721	12155 : 12230			
7	6957 : 28603	TRB : TRBV6-4	<NA> : ENSG00000211713	12155 : 12229			
7	6957 : 28604	TRB : TRBV6-3	<NA> : ENSG00000283063	12155 : 12228			
7	6957 : 28605	TRB : TRBV6-2		12155 : 12227			
7	6957 : 28606	TRB : TRBV6-1	<NA> : ENSG00000211706	12155 : 12226			
7	6957 : 28607	TRB : TRBV5-8		12155 : 12225			
7	6957 : 28608	TRB : TRBV5-7	<NA> : ENSG00000211731	12155 : 12224			
7	6957 : 28609	TRB : TRBV5-6	<NA> : ENSG00000211728	12155 : 12223			
7	6957 : 28610	TRB : TRBV5-5	<NA> : ENSG00000211725	12155 : 12222			
7	6957 : 28611	TRB : TRBV5-4	<NA> : ENSG00000230099	12155 : 12221			
7	6957 : 28612	TRB : TRBV5-3	<NA> : ENSG00000211715	12155 : 12220			
7	6957 : 28613	TRB : TRBV5-2		12155 : 12219			
7	6957 : 28614	TRB : TRBV5-1	<NA> : ENSG00000211734	12155 : 12218			
7	6957 : 28615	TRB : TRBV4-3		12155 : 12217			
7	6957 : 28616	TRB : TRBV4-2	<NA> : ENSG00000211745	12155 : 12216			
7	6957 : 28617	TRB : TRBV4-1	<NA> : ENSG00000211710	12155 : 12215			
7	6957 : 28618	TRB : TRBV3-2		12155 : 12213			
7	6957 : 28619	TRB : TRBV3-1	<NA> : ENSG00000237702	12155 : 12212			
7	6957 : 28620	TRB : TRBV2	<NA> : ENSG00000226660	12155 : 12195			
7	6957 : 28621	TRB : TRBV1		12155 : 12176			
7	6957 : 28622	TRB : TRBJ2-7	<NA> : ENSG00000211771	12155 : 12175			
7	6957 : 28623	TRB : TRBJ2-6	<NA> : ENSG00000211770	12155 : 12174			
7	6957 : 28624	TRB : TRBJ2-5	<NA> : ENSG00000211769	12155 : 12173			
7	6957 : 28625	TRB : TRBJ2-4	<NA> : ENSG00000211768	12155 : 12172			
7	6957 : 28626	TRB : TRBJ2-3	<NA> : ENSG00000211767	12155 : 12171			
7	6957 : 28627	TRB : TRBJ2-2P	<NA> : ENSG00000211766	12155 : 12170			
7	6957 : 28628	TRB : TRBJ2-2	<NA> : ENSG00000211765	12155 : 12169			
7	6957 : 28629	TRB : TRBJ2-1	<NA> : ENSG00000211764	12155 : 12168			
7	6957 : 28630	TRB : TRBJ1-6	<NA> : ENSG00000282780	12155 : 12167			
7	6957 : 28631	TRB : TRBJ1-5	<NA> : ENSG00000282173	12155 : 12166			
7	6957 : 28632	TRB : TRBJ1-4	<NA> : ENSG00000281958	12155 : 12165			
7	6957 : 28633	TRB : TRBJ1-3	<NA> : ENSG00000282133	12155 : 12164			
7	6957 : 28634	TRB : TRBJ1-2	<NA> : ENSG00000282420	12155 : 12163			
7	6957 : 28635	TRB : TRBJ1-1	<NA> : ENSG00000282320	12155 : 12162			
7	6957 : 28636	TRB : TRBD2		12155 : 12159	<NA> : 615448		
7	6957 : 28637	TRB : TRBD1	<NA> : ENSG00000282431	12155 : 12158	<NA> : 615447		
7	6957 : 28638	TRB : TRBC2	<NA> : ENSG00000211772	12155 : 12157	<NA> : 615445		
7	6957 : 28639	TRB : TRBC1	<NA> : ENSG00000211751	12155 : 12156	<NA> : 186930		
14	6964 : 28516	TRD : TRDV3	<NA> : ENSG00000256590	12252 : 12264			
14	6964 : 28517	TRD : TRDV2	<NA> : ENSG00000211821	12252 : 12263			
14	6964 : 28518	TRD : TRDV1	<NA> : ENSG00000211804	12252 : 12262			
14	6964 : 28519	TRD : TRDJ4	<NA> : ENSG00000211826	12252 : 12260			
14	6964 : 28520	TRD : TRDJ3	<NA> : ENSG00000211828	12252 : 12259			
14	6964 : 28521	TRD : TRDJ2	<NA> : ENSG00000211827	12252 : 12258			
14	6964 : 28522	TRD : TRDJ1	<NA> : ENSG00000211825	12252 : 12257			
14	6964 : 28523	TRD : TRDD3	<NA> : ENSG00000228985	12252 : 12256			
14	6964 : 28524	TRD : TRDD2	<NA> : ENSG00000237235	12252 : 12255			
14	6964 : 28525	TRD : TRDD1	<NA> : ENSG00000223997	12252 : 12254			
14	6964 : 28526	TRD : TRDC		12252 : 12253	<NA> : 186810		
7	6965 : 445347	TRG : TARP	<NA> : ENSG00000289746		<NA> : 609642	<NA> : A2JGV3	<NA> : A2JGV3
7	6965 : 6966	TRG : TRGC1	<NA> : ENSG00000211689	12271 : 12275	<NA> : 186970		
7	6965 : 6967	TRG : TRGC2	<NA> : ENSG00000227191	12271 : 12276	<NA> : 615450		
7	6965 : 6968	TRG : TRGJ1	<NA> : ENSG00000211690	12271 : 12277			
7	6965 : 6969	TRG : TRGJ2	<NA> : ENSG00000211687	12271 : 12278			
7	6965 : 6970	TRG : TRGJP	<NA> : ENSG00000211691	12271 : 12279			
7	6965 : 6971	TRG : TRGJP1	<NA> : ENSG00000211692	12271 : 12280			
7	6965 : 6972	TRG : TRGJP2	<NA> : ENSG00000211688	12271 : 12281			
7	6965 : 6973	TRG : TRGV1	<NA> : ENSG00000211701	12271 : 12284			
7	6965 : 6974	TRG : TRGV2	<NA> : ENSG00000233306	12271 : 12287			
7	6965 : 6976	TRG : TRGV3	<NA> : ENSG00000211699	12271 : 12288			
7	6965 : 6977	TRG : TRGV4	<NA> : ENSG00000211698	12271 : 12289			
7	6965 : 6978	TRG : TRGV5	<NA> : ENSG00000211697	12271 : 12290			
7	6965 : 6979	TRG : TRGV5P	<NA> : ENSG00000228668	12271 : 12291			
7	6965 : 6980	TRG : TRGV6		12271 : 12292			
7	6965 : 6981	TRG : TRGV7	<NA> : ENSG00000249978	12271 : 12293			
7	6965 : 6982	TRG : TRGV8	<NA> : ENSG00000211696	12271 : 12294			
7	6965 : 6983	TRG : TRGV9	<NA> : ENSG00000211695	12271 : 12295			
7	6965 : 6984	TRG : TRGV10		12271 : 12285			
7	6965 : 6985	TRG : TRGV11		12271 : 12286			
7	6965 : 6986	TRG : TRGVA		12271 : 12296			
7	6965 : 6987	TRG : TRGVB		12271 : 12297			
2	7361 : 404204	UGT1A : UGT1A13P	<NA> : ENSG00000234143	12529 : 32191			
2	7361 : 54573	UGT1A : UGT1A12P	<NA> : ENSG00000228949	12529 : 12533			
2	7361 : 54574	UGT1A : UGT1A11P	<NA> : ENSG00000227846	12529 : 12532			
2	7361 : 54575	UGT1A : UGT1A10	<NA> : ENSG00000242515	12529 : 12531	<NA> : 606435	<NA> : Q9HAW8	<NA> : UD110
2	7361 : 54576	UGT1A : UGT1A8	<NA> : ENSG00000242366	12529 : 12540	<NA> : 606433	<NA> : Q9HAW9	<NA> : UD18
2	7361 : 54577	UGT1A : UGT1A7	<NA> : ENSG00000244122	12529 : 12539	<NA> : 606432	<NA> : Q9HAW7	<NA> : UD17
2	7361 : 54578	UGT1A : UGT1A6	<NA> : ENSG00000167165	12529 : 12538	<NA> : 606431	<NA> : P19224	<NA> : UD16
2	7361 : 54579	UGT1A : UGT1A5	<NA> : ENSG00000288705	12529 : 12537	<NA> : 606430	<NA> : P35504	<NA> : UD15
2	7361 : 54580	UGT1A : UGT1A2P		12529 : 12534			
2	7361 : 54600	UGT1A : UGT1A9	<NA> : ENSG00000241119	12529 : 12541	<NA> : 606434	<NA> : O60656	<NA> : UD19
2	7361 : 54657	UGT1A : UGT1A4	<NA> : ENSG00000244474	12529 : 12536	<NA> : 606429	<NA> : P22310	<NA> : UD14
2	7361 : 54658	UGT1A : UGT1A1	<NA> : ENSG00000241635	12529 : 12530	<NA> : 191740	<NA> : P22309	<NA> : UD11
2	7361 : 54659	UGT1A : UGT1A3	<NA> : ENSG00000288702	12529 : 12535	<NA> : 606428	<NA> : P35503	<NA> : UD13
2	50802 : 28299	IGK : IGKV1-5	<NA> : ENSG00000243466	5715 : 5741			
2	50802 : 28869	IGK : IGKV6D-41	<NA> : ENSG00000211626	5715 : 5838			
2	50802 : 28870	IGK : IGKV6D-21	<NA> : ENSG00000225523	5715 : 5837			
2	50802 : 28871	IGK : IGKV3D-34		5715 : 5828			
2	50802 : 28872	IGK : IGKV3D-31		5715 : 5827			
2	50802 : 28873	IGK : IGKV3D-25		5715 : 5826			
2	50802 : 28874	IGK : IGKV3D-20	<NA> : ENSG00000211625	5715 : 5825			
2	50802 : 28875	IGK : IGKV3D-15	<NA> : ENSG00000224041	5715 : 5824			
2	50802 : 28876	IGK : IGKV3D-11	<NA> : ENSG00000211632	5715 : 5823			
2	50802 : 28877	IGK : IGKV3D-7	<NA> : ENSG00000228325	5715 : 5829			
2	50802 : 28878	IGK : IGKV2D-40	<NA> : ENSG00000251039	5715 : 5804			
2	50802 : 28879	IGK : IGKV2D-38	<NA> : ENSG00000254009	5715 : 5803			
2	50802 : 28880	IGK : IGKV2D-36	<NA> : ENSG00000253127	5715 : 5802			
2	50802 : 28881	IGK : IGKV2D-30	<NA> : ENSG00000239571	5715 : 5801			
2	50802 : 28882	IGK : IGKV2D-29	<NA> : ENSG00000243264	5715 : 5800			
2	50802 : 28883	IGK : IGKV2D-28	<NA> : ENSG00000242534	5715 : 5799			
2	50802 : 28884	IGK : IGKV2D-26	<NA> : ENSG00000211623	5715 : 5798			
2	50802 : 28885	IGK : IGKV2D-24	<NA> : ENSG00000241566	5715 : 5797			
2	50802 : 28886	IGK : IGKV2D-23		5715 : 5796			
2	50802 : 28887	IGK : IGKV2D-19	<NA> : ENSG00000253765	5715 : 5795			
2	50802 : 28888	IGK : IGKV2D-18	<NA> : ENSG00000254220	5715 : 5794			
2	50802 : 28889	IGK : IGKV2D-14		5715 : 5793			
2	50802 : 28890	IGK : IGKV2D-10		5715 : 5792			
2	50802 : 28891	IGK : IGKV1D-43	<NA> : ENSG00000242580	5715 : 5758			
2	50802 : 28892	IGK : IGKV1D-42	<NA> : ENSG00000211633	5715 : 5757			
2	50802 : 28893	IGK : IGKV1D-39	<NA> : ENSG00000251546	5715 : 5756			
2	50802 : 28894	IGK : IGKV1D-37	<NA> : ENSG00000250036	5715 : 5755			
2	50802 : 28895	IGK : IGKV1D-35		5715 : 5754			
2	50802 : 28896	IGK : IGKV1D-33	<NA> : ENSG00000239975	5715 : 5753			
2	50802 : 28897	IGK : IGKV1D-32	<NA> : ENSG00000253191	5715 : 5752			
2	50802 : 28898	IGK : IGKV1D-27		5715 : 5751			
2	50802 : 28899	IGK : IGKV1D-22	<NA> : ENSG00000253365	5715 : 5750			
2	50802 : 28900	IGK : IGKV1D-17	<NA> : ENSG00000242766	5715 : 5749			
2	50802 : 28901	IGK : IGKV1D-16	<NA> : ENSG00000241244	5715 : 5748			
2	50802 : 28902	IGK : IGKV1D-13	<NA> : ENSG00000276566	5715 : 5747			
2	50802 : 28903	IGK : IGKV1D-12	<NA> : ENSG00000278857	5715 : 5746			
2	50802 : 28904	IGK : IGKV1D-8	<NA> : ENSG00000239819	5715 : 5759			
2	50802 : 28905	IGK : IGKV7-3		5715 : 5839			
2	50802 : 28906	IGK : IGKV6-21	<NA> : ENSG00000211611	5715 : 5836			
2	50802 : 28907	IGK : IGKV5-2	<NA> : ENSG00000211599	5715 : 5835			
2	50802 : 28908	IGK : IGKV4-1	<NA> : ENSG00000211598	5715 : 5834			
2	50802 : 28909	IGK : IGKV3-34	<NA> : ENSG00000253860	5715 : 5820			
2	50802 : 28910	IGK : IGKV3-31		5715 : 5819			
2	50802 : 28911	IGK : IGKV3-25		5715 : 5818			
2	50802 : 28912	IGK : IGKV3-20	<NA> : ENSG00000239951	5715 : 5817			
2	50802 : 28913	IGK : IGKV3-15	<NA> : ENSG00000244437	5715 : 5816			
2	50802 : 28914	IGK : IGKV3-11	<NA> : ENSG00000241351	5715 : 5815			
2	50802 : 28915	IGK : IGKV3-7	<NA> : ENSG00000243063	5715 : 5821			
2	50802 : 28916	IGK : IGKV2-40	<NA> : ENSG00000273962	5715 : 5789			
2	50802 : 28917	IGK : IGKV2-38	<NA> : ENSG00000253592	5715 : 5787			
2	50802 : 28918	IGK : IGKV2-36	<NA> : ENSG00000253487	5715 : 5786			
2	50802 : 28919	IGK : IGKV2-30	<NA> : ENSG00000243238	5715 : 5785			
2	50802 : 28920	IGK : IGKV2-29	<NA> : ENSG00000253998	5715 : 5784			
2	50802 : 28921	IGK : IGKV2-28	<NA> : ENSG00000244116	5715 : 5783			
2	50802 : 28922	IGK : IGKV2-26	<NA> : ENSG00000254098	5715 : 5782			
2	50802 : 28923	IGK : IGKV2-24	<NA> : ENSG00000241294	5715 : 5781			
2	50802 : 28924	IGK : IGKV2-23		5715 : 5780			
2	50802 : 28925	IGK : IGKV2-19	<NA> : ENSG00000253732	5715 : 5779			
2	50802 : 28926	IGK : IGKV2-18	<NA> : ENSG00000254157	5715 : 5778			
2	50802 : 28927	IGK : IGKV2-14		5715 : 5777			
2	50802 : 28928	IGK : IGKV2-10	<NA> : ENSG00000253278	5715 : 5776			
2	50802 : 28929	IGK : IGKV2-4	<NA> : ENSG00000253435	5715 : 5788			
2	50802 : 28930	IGK : IGKV1-39	<NA> : ENSG00000242371	5715 : 5740			
2	50802 : 28931	IGK : IGKV1-37	<NA> : ENSG00000239862	5715 : 5739			
2	50802 : 28932	IGK : IGKV1-35		5715 : 5738			
2	50802 : 28933	IGK : IGKV1-33	<NA> : ENSG00000242076	5715 : 5737			
2	50802 : 28934	IGK : IGKV1-32		5715 : 5736			
2	50802 : 28935	IGK : IGKV1-27	<NA> : ENSG00000244575	5715 : 5735			
2	50802 : 28936	IGK : IGKV1-22	<NA> : ENSG00000253578	5715 : 5734			
2	50802 : 28937	IGK : IGKV1-17	<NA> : ENSG00000240382	5715 : 5733			
2	50802 : 28938	IGK : IGKV1-16	<NA> : ENSG00000240864	5715 : 5732			
2	50802 : 28939	IGK : IGKV1-13	<NA> : ENSG00000253497	5715 : 5731			
2	50802 : 28940	IGK : IGKV1-12	<NA> : ENSG00000243290	5715 : 5730			
2	50802 : 28941	IGK : IGKV1-9	<NA> : ENSG00000241755	5715 : 5744			
2	50802 : 28942	IGK : IGKV1-8	<NA> : ENSG00000240671	5715 : 5743			
2	50802 : 28943	IGK : IGKV1-6	<NA> : ENSG00000239855	5715 : 5742			
2	50802 : 28946	IGK : IGKJ5	<NA> : ENSG00000211593	5715 : 5723			
2	50802 : 28947	IGK : IGKJ4	<NA> : ENSG00000211594	5715 : 5722			
2	50802 : 28948	IGK : IGKJ3	<NA> : ENSG00000211595	5715 : 5721			
2	50802 : 28949	IGK : IGKJ2	<NA> : ENSG00000211596	5715 : 5720			
2	50802 : 28950	IGK : IGKJ1	<NA> : ENSG00000211597	5715 : 5719			
2	50802 : 3514	IGK : IGKC	<NA> : ENSG00000211592	5715 : 5716	<NA> : 147200		
2	50802 : 3515	IGK : IGKDEL		5715 : 5717	<NA> : 146780		
5	56115 : 26025	PCDHG@ : PCDHGA12	<NA> : ENSG00000253159	8695 : 8699	<NA> : 603059	<NA> : O60330	<NA> : PCDGC
5	56115 : 5098	PCDHG@ : PCDHGC3	<NA> : ENSG00000240184	8695 : 8716	<NA> : 603627	<NA> : Q9UN70	<NA> : PCDGK
5	56115 : 56097	PCDHG@ : PCDHGC5	<NA> : ENSG00000240764	8695 : 8718	<NA> : 606306	<NA> : Q9Y5F6	<NA> : PCDGM
5	56115 : 56098	PCDHG@ : PCDHGC4	<NA> : ENSG00000242419	8695 : 8717	<NA> : 606305	<NA> : Q9Y5F7	<NA> : PCDGL
5	56115 : 56099	PCDHG@ : PCDHGB7	<NA> : ENSG00000254122	8695 : 8714	<NA> : 606304	<NA> : Q9Y5F8	<NA> : PCDGJ
5	56115 : 56100	PCDHG@ : PCDHGB6	<NA> : ENSG00000253305	8695 : 8713	<NA> : 606303	<NA> : Q9Y5F9	<NA> : PCDGI
5	56115 : 56101	PCDHG@ : PCDHGB5	<NA> : ENSG00000276547	8695 : 8712	<NA> : 606302	<NA> : Q9Y5G0	<NA> : PCDGH
5	56115 : 56102	PCDHG@ : PCDHGB3	<NA> : ENSG00000262209	8695 : 8710	<NA> : 606301	<NA> : Q9Y5G1	<NA> : PCDGF
5	56115 : 56103	PCDHG@ : PCDHGB2	<NA> : ENSG00000253910	8695 : 8709	<NA> : 606300	<NA> : Q9Y5G2	<NA> : PCDGE
5	56115 : 56104	PCDHG@ : PCDHGB1	<NA> : ENSG00000254221	8695 : 8708	<NA> : 606299	<NA> : Q9Y5G3	<NA> : PCDGD
5	56115 : 56105	PCDHG@ : PCDHGA11	<NA> : ENSG00000253873	8695 : 8698	<NA> : 606298	<NA> : Q9Y5H2	<NA> : PCDGB
5	56115 : 56106	PCDHG@ : PCDHGA10	<NA> : ENSG00000253846	8695 : 8697	<NA> : 606297	<NA> : Q9Y5H3	<NA> : PCDGA
5	56115 : 56107	PCDHG@ : PCDHGA9	<NA> : ENSG00000261934	8695 : 8707	<NA> : 606296	<NA> : Q9Y5G4	<NA> : PCDG9
5	56115 : 56108	PCDHG@ : PCDHGA7	<NA> : ENSG00000253537	8695 : 8705	<NA> : 606294	<NA> : Q9Y5G6	<NA> : PCDG7
5	56115 : 56109	PCDHG@ : PCDHGA6	<NA> : ENSG00000253731	8695 : 8704	<NA> : 606293	<NA> : Q9Y5G7	<NA> : PCDG6
5	56115 : 56110	PCDHG@ : PCDHGA5	<NA> : ENSG00000253485	8695 : 8703	<NA> : 606292	<NA> : Q9Y5G8	<NA> : PCDG5
5	56115 : 56111	PCDHG@ : PCDHGA4	<NA> : ENSG00000262576	8695 : 8702	<NA> : 606291	<NA> : Q9Y5G9	<NA> : PCDG4
5	56115 : 56112	PCDHG@ : PCDHGA3	<NA> : ENSG00000254245	8695 : 8701	<NA> : 606290	<NA> : Q9Y5H0	<NA> : PCDG3
5	56115 : 56113	PCDHG@ : PCDHGA2	<NA> : ENSG00000081853	8695 : 8700	<NA> : 606289	<NA> : Q9Y5H1	<NA> : PCDG2
5	56115 : 56114	PCDHG@ : PCDHGA1	<NA> : ENSG00000204956	8695 : 8696	<NA> : 606288	<NA> : Q9Y5H4	<NA> : PCDG1
5	56115 : 56120	PCDHG@ : PCDHGB8P	<NA> : ENSG00000248449	8695 : 8715			
5	56115 : 84055	PCDHG@ : PCDHGB9P	<NA> : ENSG00000276545	8695 : 15688			
5	56115 : 8641	PCDHG@ : PCDHGB4	<NA> : ENSG00000253953	8695 : 8711	<NA> : 603058	<NA> : Q9UN71	<NA> : PCDGG
5	56115 : 9708	PCDHG@ : PCDHGA8	<NA> : ENSG00000253767	8695 : 8706	<NA> : 606295	<NA> : Q9Y5G5	<NA> : PCDG8
5	56116 : 26167	PCDHB@ : PCDHB5	<NA> : ENSG00000113209	8679 : 8690	<NA> : 606331	<NA> : Q9Y5E4	<NA> : PCDB5
5	56116 : 29930	PCDHB@ : PCDHB1	<NA> : ENSG00000171815	8679 : 8680	<NA> : 606327	<NA> : Q9Y5F3	<NA> : PCDB1
5	56116 : 54660	PCDHB@ : PCDHB18P	<NA> : ENSG00000290894	8679 : 14548			
5	56116 : 54661	PCDHB@ : PCDHB17P	<NA> : ENSG00000255622	8679 : 14547			
5	56116 : 56121	PCDHB@ : PCDHB15	<NA> : ENSG00000113248	8679 : 8686	<NA> : 606341	<NA> : Q9Y5E8	<NA> : PCDBF
5	56116 : 56122	PCDHB@ : PCDHB14	<NA> : ENSG00000120327	8679 : 8685	<NA> : 606340	<NA> : Q9Y5E9	<NA> : PCDBE
5	56116 : 56123	PCDHB@ : PCDHB13	<NA> : ENSG00000187372	8679 : 8684	<NA> : 606339	<NA> : Q9Y5F0	<NA> : PCDBD
5	56116 : 56124	PCDHB@ : PCDHB12	<NA> : ENSG00000120328	8679 : 8683	<NA> : 606338	<NA> : Q9Y5F1	<NA> : PCDBC
5	56116 : 56125	PCDHB@ : PCDHB11	<NA> : ENSG00000197479	8679 : 8682	<NA> : 606337	<NA> : Q9Y5F2	<NA> : PCDBB
5	56116 : 56126	PCDHB@ : PCDHB10	<NA> : ENSG00000120324	8679 : 8681	<NA> : 606336	<NA> : Q9UN67	<NA> : PCDBA
5	56116 : 56127	PCDHB@ : PCDHB9	<NA> : ENSG00000177839	8679 : 8694	<NA> : 606335	<NA> : Q9Y5E1	<NA> : PCDB9
5	56116 : 56128	PCDHB@ : PCDHB8	<NA> : ENSG00000120322	8679 : 8693	<NA> : 606334	<NA> : Q9UN66	<NA> : PCDB8
5	56116 : 56129	PCDHB@ : PCDHB7	<NA> : ENSG00000113212	8679 : 8692	<NA> : 606333	<NA> : Q9Y5E2	<NA> : PCDB7
5	56116 : 56130	PCDHB@ : PCDHB6	<NA> : ENSG00000113211	8679 : 8691	<NA> : 606332	<NA> : Q9Y5E3	<NA> : PCDB6
5	56116 : 56131	PCDHB@ : PCDHB4	<NA> : ENSG00000081818	8679 : 8689	<NA> : 606330	<NA> : Q9Y5E5	<NA> : PCDB4
5	56116 : 56132	PCDHB@ : PCDHB3	<NA> : ENSG00000113205	8679 : 8688	<NA> : 606329	<NA> : Q9Y5E6	<NA> : PCDB3
5	56116 : 56133	PCDHB@ : PCDHB2	<NA> : ENSG00000112852	8679 : 8687	<NA> : 606328	<NA> : Q9Y5E7	<NA> : PCDB2
5	56116 : 57717	PCDHB@ : PCDHB16	<NA> : ENSG00000272674	8679 : 14546	<NA> : 606345	<NA> : Q9NRJ7	<NA> : PCDBG
5	56116 : 84054	PCDHB@ : PCDHB19P		8679 : 14549			
5	56117 : 26307	PCDHA@ : PCDHA14	<NA> : ENSG00000249504	8662 : 2163			
5	56117 : 56119	PCDHA@ : PCDHACT		8662 : 8678			
5	56117 : 56134	PCDHA@ : PCDHAC2	<NA> : ENSG00000243232	8662 : 8677	<NA> : 606321	<NA> : Q9Y5I4	<NA> : PCDC2
5	56117 : 56135	PCDHA@ : PCDHAC1	<NA> : ENSG00000248383	8662 : 8676	<NA> : 606320	<NA> : Q9H158	<NA> : PCDC1
5	56117 : 56136	PCDHA@ : PCDHA13	<NA> : ENSG00000239389	8662 : 8667	<NA> : 606319	<NA> : Q9Y5I0	<NA> : PCDAD
5	56117 : 56137	PCDHA@ : PCDHA12	<NA> : ENSG00000251664	8662 : 8666	<NA> : 606318	<NA> : Q9UN75	<NA> : PCDAC
5	56117 : 56138	PCDHA@ : PCDHA11	<NA> : ENSG00000249158	8662 : 8665	<NA> : 606317	<NA> : Q9Y5I1	<NA> : PCDAB
5	56117 : 56139	PCDHA@ : PCDHA10	<NA> : ENSG00000250120	8662 : 8664	<NA> : 606316	<NA> : Q9Y5I2	<NA> : PCDAA
5	56117 : 56140	PCDHA@ : PCDHA8	<NA> : ENSG00000204962	8662 : 8674	<NA> : 606314	<NA> : Q9Y5H6	<NA> : PCDA8
5	56117 : 56141	PCDHA@ : PCDHA7	<NA> : ENSG00000204963	8662 : 8673	<NA> : 606313	<NA> : Q9UN72	<NA> : PCDA7
5	56117 : 56142	PCDHA@ : PCDHA6	<NA> : ENSG00000081842	8662 : 8672	<NA> : 606312	<NA> : Q9UN73	<NA> : PCDA6
5	56117 : 56143	PCDHA@ : PCDHA5	<NA> : ENSG00000204965	8662 : 8671	<NA> : 606311	<NA> : Q9Y5H7	<NA> : PCDA5
5	56117 : 56144	PCDHA@ : PCDHA4	<NA> : ENSG00000204967	8662 : 8670	<NA> : 606310	<NA> : Q9UN74	<NA> : PCDA4
5	56117 : 56145	PCDHA@ : PCDHA3	<NA> : ENSG00000255408	8662 : 8669	<NA> : 606309	<NA> : Q9Y5H8	<NA> : PCDA3
5	56117 : 56146	PCDHA@ : PCDHA2	<NA> : ENSG00000204969	8662 : 8668	<NA> : 606308	<NA> : Q9Y5H9	<NA> : PCDA2
5	56117 : 56147	PCDHA@ : PCDHA1	<NA> : ENSG00000204970	8662 : 8663	<NA> : 606307	<NA> : Q9Y5I3	<NA> : PCDA1
5	56117 : 9752	PCDHA@ : PCDHA9	<NA> : ENSG00000204961	8662 : 8675	<NA> : 606315	<NA> : Q9Y5H5	<NA> : PCDA9
